time,open,high,low,close
1974-12-30,184,184.8,170.5,174.7
1975-01-06,172,181.3,167.5,181.3
1975-01-13,181,181,172.1,172.1
1975-01-20,173.6,180,173.6,179.5
1975-01-27,180,180.7,175.4,178
1975-02-03,179.1,179.7,174.1,177.3
1975-02-10,176,186.8,171.3,184.9
1975-02-17,182,188.5,181.7,186
1975-02-24,186.7,189,181,183
1975-03-03,183.3,187.5,176.4,178
1975-03-10,177.1,180.5,176.1,178.7
1975-03-17,178.5,179.5,175,175.6
1975-03-24,176.8,178.8,175.2,176
1975-03-31,178.2,179.9,173.3,173.8
1975-04-07,174.5,175.6,172.1,172.7
1975-04-14,169,171,162.3,169
1975-04-21,166,169.5,164.9,166.8
1975-04-28,166.4,168.4,165,165
1975-05-05,164.2,167.5,163.4,166.6
1975-05-12,166,171.3,165.6,166.9
1975-05-19,167.6,176.9,167.2,174.7
1975-05-26,173.5,173.6,168.2,169
1975-06-02,164.5,168.2,162.4,167.2
1975-06-09,167.7,168.5,165.7,165.9
1975-06-16,165.8,168.5,163.4,164.3
1975-06-23,163.8,175,163.3,167.9
1975-06-30,168.4,173.3,160,166.4
1975-07-07,165.5,175.2,162,167.4
1975-07-14,167.8,168.3,164,165.4
1975-07-21,164.2,167.9,161.4,167.9
1975-07-28,167.1,175.4,167.1,173.4
1975-08-04,173.1,173.9,165.5,166.6
1975-08-11,166,169.2,160.4,166.8
1975-08-18,166.9,167.8,162.2,165.8
1975-08-25,165.9,167,162.5,162.8
1975-09-01,152.8,156.3,150.8,156
1975-09-08,155.4,155.4,148,149.7
1975-09-15,150,150.2,135,138.4
1975-09-22,139,139.3,129,139
1975-09-29,138.2,146.2,138.2,139.9
1975-10-06,139.4,144.7,138.5,143.6
1975-10-13,142.2,147.4,140.7,146.1
1975-10-20,146.4,148,143.5,144.1
1975-10-27,143.5,145,142,142.8
1975-11-03,143.5,149.1,142.3,146.1
1975-11-10,144.5,145.3,141,141.6
1975-11-17,141.8,143,138.1,141.1
1975-11-24,140.8,141.8,138.2,138.8
1975-12-01,138.8,141.3,137.8,138.7
1975-12-08,138.2,141.4,136.7,138.9
1975-12-15,139,147.9,137.5,146.1
1975-12-22,143.9,145.7,141.3,141.7
1975-12-29,142.4,143,140.6,141.2
1976-01-05,139.5,140.5,135.5,136.9
1976-01-12,137.3,137.3,130,131
1976-01-19,129.6,130.1,123.4,127.9
1976-01-26,126.3,130.5,124.8,129
1976-02-02,130.5,133,128.5,131.2
1976-02-09,130.8,132,128.6,131
1976-02-16,129.5,131.8,129.1,131.6
1976-02-23,131.1,134.7,131.1,132.6
1976-03-01,132.5,135,131.4,134.5
1976-03-08,133.6,134.7,133.1,133.5
1976-03-15,134,135.3,132.8,134.8
1976-03-22,134.3,134.5,129.2,129.2
1976-03-29,129.8,130.5,127.5,129.6
1976-04-05,127.9,129.8,127.1,127.5
1976-04-12,127.3,131,126.9,128.1
1976-04-19,128.1,129.4,127.6,127.9
1976-04-26,128.2,130.1,128.2,128.9
1976-05-03,128.8,129.8,126.7,129
1976-05-10,129,129.5,128,128.2
1976-05-17,128.2,128.3,125.7,126.2
1976-05-24,125.8,127.8,124.1,127.3
1976-05-31,127.8,132.5,127.8,128
1976-06-07,128,129.5,126.5,126.9
1976-06-14,127,127.5,126.2,127.2
1976-06-21,126.8,127.6,125,125.5
1976-06-28,125.1,126.1,123.1,124.1
1976-07-05,123.7,124.5,122.8,122.8
1976-07-12,122.4,123.2,116.4,117.9
1976-07-19,113,114.3,105,111.2
1976-07-26,111.4,114.9,111.2,114.2
1976-08-02,113.7,115.2,112.4,113.8
1976-08-09,113.3,115.1,113.3,114.5
1976-08-16,114.2,114.3,107,108.6
1976-08-23,106,106.5,100,103.1
1976-08-30,102,108.1,101.6,108
1976-09-06,113.5,118.9,110.3,118.4
1976-09-13,114,121,110,117.5
1976-09-20,115.5,120.5,114.9,118.6
1976-09-27,119.2,119.2,115,116
1976-10-04,114.1,116.8,112.9,114
1976-10-11,113.8,117.2,113.4,117
1976-10-18,116.7,117.3,114.9,115.8
1976-10-25,115.9,126,115.8,123.8
1976-11-01,122.8,128.2,122.8,128
1976-11-08,132.3,137.7,130.6,136.9
1976-11-15,139.5,141,128,130.8
1976-11-22,133.9,135.2,129,129.7
1976-11-29,130.1,133.9,129,133.3
1976-12-06,135.1,139.9,134.2,139
1976-12-13,137.4,137.6,131.5,132
1976-12-20,132.5,135.5,132.3,133.9
1976-12-27,133.8,136.3,133.8,135.7
1977-01-03,135.5,137.7,132.8,133.1
1977-01-10,131.7,133,127.5,131.6
1977-01-17,132,133.9,130.9,132.6
1977-01-24,132.6,134.6,131,132.9
1977-01-31,133.2,134.5,132.8,134
1977-02-07,134.8,138.1,134.7,137
1977-02-14,137.5,138.4,136,138.3
1977-02-21,139.1,142.6,138.8,142.3
1977-02-28,144,148.5,142.4,148.2
1977-03-07,149.5,150.4,145.5,146.1
1977-03-14,146.3,151.5,145,151
1977-03-21,152.5,154.7,150.7,153.3
1977-03-28,150,152.6,146.3,152.2
1977-04-04,152.3,152.6,147.3,149.5
1977-04-11,149.6,154.7,149.6,152.7
1977-04-18,152.3,153.1,148,150.1
1977-04-25,150,150,144.8,148
1977-05-02,147.9,149.7,146.3,148.5
1977-05-09,148.1,149,146.5,148.3
1977-05-16,148.1,148.6,146.2,146.9
1977-05-23,146.8,146.8,142,144.5
1977-05-30,143.9,145.6,142,143.5
1977-06-06,143.5,144.6,140.5,142.1
1977-06-13,139.7,141.7,137.6,140.7
1977-06-20,141.2,142.8,140.1,141.9
1977-06-27,142.9,144.6,142.1,142.1
1977-07-04,142.2,142.9,140.5,142.5
1977-07-11,142,146,141.3,144.7
1977-07-18,144.1,146.8,143.8,145.3
1977-07-25,147,148,145.3,147.1
1977-08-01,147.2,150.2,146.5,149.2
1977-08-08,149,150,145.8,146
1977-08-15,146.6,147.3,144,146.8
1977-08-22,146.5,148.6,145.2,148.6
1977-08-29,148.1,150.8,147.4,150.8
1977-09-05,150.1,151.2,149.1,150.4
1977-09-12,150.8,151.9,149.6,151.5
1977-09-19,152.1,154.6,151.7,154
1977-09-26,155.3,157.1,154.6,156.4
1977-10-03,157.8,158,155.4,157.3
1977-10-10,159.3,162.2,158.3,162.1
1977-10-17,163.3,164.7,160.1,164.3
1977-10-24,165.2,166.8,160.5,162
1977-10-31,162.3,168.5,161.7,168.3
1977-11-07,167.6,169.9,164.6,168.9
1977-11-14,166.7,166.7,157.5,161.5
1977-11-21,157.2,159.7,154.7,159.5
1977-11-28,160.9,165.1,159.5,160.1
1977-12-05,161,164.2,159.7,160
1977-12-12,160.4,162,157.1,161.6
1977-12-19,161.2,164.7,160,164.7
1977-12-26,164.7,167.9,164.7,167.5
1978-01-02,169.9,174.1,165.5,171.3
1978-01-09,170.4,176.2,170.3,175.5
1978-01-16,176.3,176.6,171.7,173.7
1978-01-23,176,178.3,174.5,174.8
1978-01-30,177.8,179.4,175.2,176.7
1978-02-06,177.4,178.5,173.6,178
1978-02-13,179,182.9,178.4,181.2
1978-02-20,183,185.8,180.9,181.5
1978-02-27,182.5,186,180.9,184.6
1978-03-06,184.8,192.8,184.8,188.9
1978-03-13,187,189.8,181.3,181.9
1978-03-20,180.3,181.2,176,180.8
1978-03-27,181.3,187.2,179,186.2
1978-04-03,185.7,185.9,176,179.5
1978-04-10,179.8,183,177.3,178.3
1978-04-17,175.3,175.9,168,171.5
1978-04-24,169,171.8,166.8,170.6
1978-05-01,170.3,174.9,169.2,174
1978-05-08,173.2,177,172.3,174.4
1978-05-15,175.1,179.5,175,178.6
1978-05-22,179.2,182.2,178,179.8
1978-05-29,185,188.4,184.8,185.2
1978-06-05,185.5,185.7,182.2,183.5
1978-06-12,182.9,187.5,181.9,187.5
1978-06-19,186.6,189.3,186.1,187.4
1978-06-26,187.4,187.8,182.8,183.7
1978-07-03,184.5,186.6,183.2,186.5
1978-07-10,187,188,185.8,186.6
1978-07-17,185.6,197.5,183.9,196.3
1978-07-24,196.4,209,192.3,206.9
1978-07-31,207.8,214.3,205,209.6
1978-08-07,209.6,218,208.5,216
1978-08-14,219.5,221.5,209.5,212.7
1978-08-21,209.6,213,201.5,202.6
1978-08-28,203.1,215.7,202.5,215.5
1978-09-04,215,218.6,207.6,210.2
1978-09-11,209.7,216.9,208.1,214.5
1978-09-18,213,223.3,212.5,222.8
1978-09-25,221.1,224.6,215,220.9
1978-10-02,220.5,228.2,220.2,225.5
1978-10-09,225.9,230.8,224.5,226.9
1978-10-16,226.4,232.8,225.2,230
1978-10-23,230.5,239.7,226.7,239.4
1978-10-30,244,249.4,212.5,215
1978-11-06,210,223.2,205.4,210.2
1978-11-13,208,212.7,194.2,200
1978-11-20,198.5,203.6,196.7,201.4
1978-11-27,199.5,202.5,192,200.1
1978-12-04,202,207.8,197.8,207.6
1978-12-11,208.5,211.6,203.5,208.1
1978-12-18,217,224.2,213.8,216.7
1978-12-25,217.1,229.6,216.2,229
1979-01-01,229.1,229.7,219.5,224.8
1979-01-08,224,228,217.5,219.4
1979-01-15,217.5,233.7,216.6,232.6
1979-01-22,235,238.5,229.5,235.8
1979-01-29,235.7,243.5,231.8,242.5
1979-02-05,244.5,257,240,247.3
1979-02-12,251,253.3,240.5,250.6
1979-02-19,249,258.8,248.5,255.7
1979-02-26,253.5,257,242,243.2
1979-03-05,240,243.4,235,241.6
1979-03-12,241.6,246,237.8,243.7
1979-03-19,242.5,244.7,239.1,241.8
1979-03-26,247,247.5,241,243.8
1979-04-02,243.8,246,241.3,244.3
1979-04-09,243.7,244.5,234.9,235.6
1979-04-16,235,244.3,231.8,239
1979-04-23,238.7,248.8,237.8,248.6
1979-04-30,246.3,251.5,246.2,250.3
1979-05-07,252,255.3,246.1,249.8
1979-05-14,252.7,260.5,251.9,260
1979-05-21,264,271.9,262.7,270.5
1979-05-28,274,282,264.5,276.9
1979-06-04,275.8,286.1,275.3,284.6
1979-06-11,286,286.7,278.4,283.1
1979-06-18,281.8,287.5,279.5,284.6
1979-06-25,287,287.3,275.5,283.8
1979-07-02,284.3,293.1,282.3,290.9
1979-07-09,290.1,293.6,286.5,290.8
1979-07-16,292.8,304,292.5,302.5
1979-07-23,304.5,307.8,303.1,305.9
1979-07-30,314.6,314.8,293,295.8
1979-08-06,292,314.5,288,312.7
1979-08-13,310,312.9,298.5,307.3
1979-08-20,305.3,326,305.3,320.7
1979-08-27,322,330,321,326.7
1979-09-03,334,348,330.5,346.3
1979-09-10,347,359.2,340,354.4
1979-09-17,360.5,396.8,359,384.2
1979-09-24,388,409,377.5,404.5
1979-10-01,416.5,444.5,379,393
1979-10-08,378,424.5,373,404
1979-10-15,410,413,377,400
1979-10-22,402,405.5,375,377.7
1979-10-29,377,389,365,378.5
1979-11-05,384,403.5,382.7,391.2
1979-11-12,396,399.5,385,391.2
1979-11-19,393,400,388.3,394.6
1979-11-26,396.5,432.8,390,430.5
1979-12-03,440,447.8,433,436
1979-12-10,440.5,478,439,474.5
1979-12-17,480.5,500.3,467,495.5
1979-12-24,496,530,495.8,525
1979-12-31,535,626.5,533,611
1980-01-07,627,636,597,628
1980-01-14,653,840.5,653,823
1980-01-21,873,873,634,635
1980-01-28,635,726,607,704
1980-02-04,691,728,673,717.5
1980-02-11,742.5,742.5,673,680.5
1980-02-18,678,683,630.5,641.5
1980-02-25,635,666.5,617,640
1980-03-03,643,660,599,605
1980-03-10,599,600,516,530
1980-03-17,485,569,463,565
1980-03-24,560,572,453,525
1980-03-31,505.1,530,483,501.5
1980-04-07,505,570,502,544
1980-04-14,542,547,501,520
1980-04-21,512,563,495,547
1980-04-28,535,536,482,516
1980-05-05,524.5,524.5,504.5,515.7
1980-05-12,514,530,509,514.8
1980-05-19,516,517,495,510
1980-05-26,513.6,562.5,513.5,555
1980-06-02,580,617.5,560,616
1980-06-09,634,640,593,613
1980-06-16,606,617,597,609.5
1980-06-23,603.8,658,602,657.5
1980-06-30,665,680.5,652.5,676
1980-07-07,671,696,653,670.5
1980-07-14,649,656,604,614
1980-07-21,622,655,609,653
1980-07-28,641,660,625,640
1980-08-04,645.5,657.5,643,647
1980-08-11,633,648,620,635
1980-08-18,625,670.5,622.5,658
1980-08-25,655,658,642,656
1980-09-01,656,678,656,670
1980-09-08,690,720,689.5,704
1980-09-15,696,709,680,708
1980-09-22,729,748.5,703.5,703.5
1980-09-29,703,703,669,684.5
1980-10-06,688,708.5,686,700
1980-10-13,696,696.5,661,665
1980-10-20,668,673.5,634,639
1980-10-27,641,652.5,627,642
1980-11-03,640,665,593,607
1980-11-10,617,626.5,594,621
1980-11-17,612,646,610,638.5
1980-11-24,631,645.5,608,644.5
1980-12-01,656,658,627,638
1980-12-08,631,635.5,558,587
1980-12-15,582.9,608,563,607.5
1980-12-22,606,619,597.5,617
1980-12-29,608,610,586,594.5
1981-01-05,600.5,612,570,581
1981-01-12,564,577.8,555,567.5
1981-01-19,559,581,548,552.5
1981-01-26,527.5,531,498,512.5
1981-02-02,505,521,490,514
1981-02-09,524,530.5,490,501
1981-02-16,509,522,498,514.5
1981-02-23,513,514,485,486.5
1981-03-02,471,478,453,467
1981-03-09,475,497.3,472,488.5
1981-03-16,502,537,490.5,537
1981-03-23,531,554,519.5,529.3
1981-03-30,538,538,515,532.5
1981-04-06,545,545.5,494,496
1981-04-13,479,498,476,495.5
1981-04-20,489,509,479.5,491.3
1981-04-27,493.5,497.5,478,496
1981-05-04,486,497.5,478,496.5
1981-05-11,502.5,503,475,479.5
1981-05-18,485,486.5,466,471
1981-05-25,465,495,464,492.5
1981-06-01,495.5,497.5,461.5,462.5
1981-06-08,472,487.5,464.8,476
1981-06-15,484,485,464.5,467.5
1981-06-22,470,475.5,443,447
1981-06-29,434,435.5,412,416.5
1981-07-06,407,423.5,397,422
1981-07-13,419,426,402.2,420
1981-07-20,417,417.5,406,408.2
1981-07-27,402,426.4,398,423.2
1981-08-03,411,418.5,405,414.8
1981-08-10,411,439.3,410,430.5
1981-08-17,432,463,428.5,452.5
1981-08-24,446,448.5,423,445
1981-08-31,450,463.3,437.5,455.5
1981-09-07,458,474,447.5,470
1981-09-14,473,477.5,453.5,465
1981-09-21,473,482.5,437,441.5
1981-09-28,433,450,428,447.5
1981-10-05,452,469,442.5,457
1981-10-12,458,459.5,447,447.5
1981-10-19,445.5,445.5,433,436
1981-10-26,432.5,437,426.5,431.2
1981-11-02,432,436,429.8,430.9
1981-11-09,433,433,407,415.2
1981-11-16,403.5,406.5,395.5,398
1981-11-23,396,420.5,392.5,419.8
1981-11-30,421,437,406,429
1981-12-07,423.7,427.5,408.5,412.5
1981-12-14,426.5,429,417,418.2
1981-12-21,416.1,418.5,402,406.3
1981-12-28,404,406,396.5,402.8
1982-01-04,399,411,395.5,397.5
1982-01-11,389,392,371.5,372
1982-01-18,370.5,384.2,369,378.5
1982-01-25,370.5,395.8,370.5,391.8
1982-02-01,387,394.4,384.5,392
1982-02-08,388,392,382.7,384.9
1982-02-15,382,382.8,368.5,369.3
1982-02-22,368,373.1,362.7,364.5
1982-03-01,362.5,366.5,336,336.3
1982-03-08,335,340,317.5,319.6
1982-03-15,317,328,312.5,317.7
1982-03-22,322.5,335.5,320.3,322.2
1982-03-29,318.5,337.2,316.4,336.8
1982-04-05,343.5,368.5,341.2,366
1982-04-12,364.5,377.5,355.8,366
1982-04-19,363,363.5,342,356.7
1982-04-26,365.9,367,335.5,346.5
1982-05-03,351,351,331,336.5
1982-05-10,331,341.5,329,340
1982-05-17,341,345.8,335.6,337.2
1982-05-24,328.5,333,322.9,329
1982-05-31,325.5,328,321,325.3
1982-06-07,330,343,329.5,333.2
1982-06-14,326,326.5,308,308.5
1982-06-21,300,315,297.5,310.2
1982-06-28,306.5,322.5,305.5,315
1982-07-05,314,349.7,308.3,348
1982-07-12,346,362,340.2,351.5
1982-07-19,352.5,369.7,344.5,361.2
1982-07-26,354,357.8,338,355.5
1982-08-02,364.5,366.5,354,355.5
1982-08-09,347.5,351.4,340.2,344.9
1982-08-16,348,401,346.4,396
1982-08-23,403,441,397,413
1982-08-30,409,465.5,405,465.5
1982-09-06,500,509,447,452
1982-09-13,447.5,468,441,443
1982-09-20,432,457.8,423,424.3
1982-09-27,419,423.5,396,413
1982-10-04,400,444,390,424.5
1982-10-11,438,465,430,433
1982-10-18,434,449,422.5,435.5
1982-10-25,421,430,414,423
1982-11-01,431,438.4,416,419
1982-11-08,410,415.8,398,410.5
1982-11-15,404,420.8,401,414.8
1982-11-22,412,432,405,427.3
1982-11-29,436.5,456.4,433.5,447.8
1982-12-06,451,465.5,439.5,441.5
1982-12-13,443,457.5,435,444.2
1982-12-20,445.5,456.5,443.8,450.8
1982-12-27,454,468.8,449,453
1983-01-03,455,471.5,449.5,469.5
1983-01-10,478,496.5,474.7,490
1983-01-17,496,505,481.5,485
1983-01-24,473,503.8,473,502.8
1983-01-31,508,519,498,501
1983-02-07,497.5,513.5,495,510
1983-02-14,506.5,520,506.1,510.5
1983-02-21,507.5,508.8,448.7,448.7
1983-02-28,423.7,437.3,408,420
1983-03-07,425,439.5,418,429.3
1983-03-14,430.5,442,411,416.5
1983-03-21,414,424.3,406.5,414.5
1983-03-28,408.5,425.3,406.5,422
1983-04-04,422.5,439.8,422.5,427.2
1983-04-11,433.5,443.5,432.3,442.2
1983-04-18,447.5,450.8,436,443.3
1983-04-25,446,446.5,428.2,433.5
1983-05-02,430.7,440.8,430.7,439.5
1983-05-09,437.5,452.5,435,442.8
1983-05-16,440.5,446.8,436,438
1983-05-23,434,443.5,432.5,435.9
1983-05-30,445.5,446.1,408,418
1983-06-06,412.5,421,401,412.4
1983-06-13,418,423.5,411,417.8
1983-06-20,416,428.3,416,426.8
1983-06-27,426,426,414.5,421.2
1983-07-04,412,437,409.5,430.3
1983-07-11,429.3,439,421,421.7
1983-07-18,424,432,421,425.7
1983-07-25,420.5,441.6,419.5,427.4
1983-08-01,427,430.5,420.5,426.8
1983-08-08,424,431,418.5,426.2
1983-08-15,429.5,436.5,428.3,430.3
1983-08-22,433.5,441,427,430.8
1983-08-29,427.5,430.2,423.2,427
1983-09-05,428.6,429,421,422.9
1983-09-12,426,426.5,407,418.7
1983-09-19,418.5,426,414,423.6
1983-09-26,424,424.3,401,407.8
1983-10-03,396,406.5,391,405.3
1983-10-10,407,408.8,397.7,403.7
1983-10-17,404.3,404.5,392,396.8
1983-10-24,399.5,403,383.8,389.8
1983-10-31,384,387.7,377.2,382.3
1983-11-07,380,386,379,385.7
1983-11-14,384.5,385.8,373,376.3
1983-11-21,374.5,378.1,373.8,377.2
1983-11-28,383,414,382.5,404.1
1983-12-05,406,410,391,393.4
1983-12-12,395.6,397.5,376.5,377
1983-12-19,380.1,386,375.5,383.6
1983-12-26,384.5,388.5,378.5,388
1984-01-02,385.5,386.4,369.1,370
1984-01-09,366.5,376.5,364.5,372.5
1984-01-16,370.5,378,367,372.4
1984-01-23,372,372.8,362.5,369.5
1984-01-30,376,393,374.3,391.5
1984-02-06,385.5,395,380,382.5
1984-02-13,381,392,379.1,388.7
1984-02-20,393,404.5,388,399.5
1984-02-27,397.5,406,394,403.7
1984-03-05,410,410.5,398,402.8
1984-03-12,398.8,402.9,393,395.3
1984-03-19,394.5,396.5,385.5,386.8
1984-03-26,388.5,397.8,386,394.3
1984-04-02,394.5,394.6,382.8,387.1
1984-04-09,388.5,390.7,382.5,387
1984-04-16,385,395,381.6,388.8
1984-04-23,389.8,392.8,378.5,381.5
1984-04-30,379.5,383.7,377.5,378.5
1984-05-07,376.8,377.6,370,373.3
1984-05-14,375.7,380,374,379.6
1984-05-21,381.3,390.5,375.5,390
1984-05-28,385.5,405.3,384.5,397
1984-06-04,400,403.2,389,389.5
1984-06-11,389,389.5,371.5,375.3
1984-06-18,372.6,381.4,371.7,376.6
1984-06-25,374,378.1,370,376.1
1984-07-02,373,374.3,339,347.2
1984-07-09,336.5,351,336,345.8
1984-07-16,353,353.5,338,340
1984-07-23,334,345,332,342
1984-07-30,350.5,365.5,348,363
1984-08-06,365.5,365.5,353.1,354.8
1984-08-13,354.5,369,353.8,362.3
1984-08-20,360.1,368,353.5,362.3
1984-08-27,361.1,361.8,356.7,358
1984-09-03,350,354.5,343.3,344.3
1984-09-10,346.5,350.8,344.2,348.1
1984-09-17,345,356.5,341.6,354.3
1984-09-24,355,356.1,348.3,351.3
1984-10-01,352,355.8,346.3,347
1984-10-08,348,348.3,338,346.3
1984-10-15,342.5,345.8,339,342.4
1984-10-22,341.6,345,339.5,340.3
1984-10-29,337.5,347,333.5,345.4
1984-11-05,345.8,353.5,344.5,347.5
1984-11-12,347.8,353,344,345
1984-11-19,344.3,344.7,340.2,340.5
1984-11-26,339.3,339.3,325,333.5
1984-12-03,332.5,337,328,330.8
1984-12-10,330.7,333.5,324,325.4
1984-12-17,320.3,320.7,306.6,313.2
1984-12-24,313.8,315.6,307.3,310
1984-12-31,309.5,310,299.3,299.7
1985-01-07,300,307,296.7,300.3
1985-01-14,300,309.5,298.3,307.2
1985-01-21,307.8,308.8,297.8,300.4
1985-01-28,300,311,296.7,306.5
1985-02-04,304.3,307,301.3,303.4
1985-02-11,302.4,308.5,301.8,306.9
1985-02-18,304.7,306.9,296,296.5
1985-02-25,287.5,294.3,282.6,291.6
1985-03-04,289,295.5,287,288.5
1985-03-11,291,297.4,287.5,295.2
1985-03-18,295.6,335,295.6,316.8
1985-03-25,316.5,337.2,314,334.1
1985-04-01,324.5,327.3,319,324
1985-04-08,322.5,337.5,319.7,331.6
1985-04-15,336.6,338.6,327.5,331.3
1985-04-22,330.9,332,323,325.2
1985-04-29,325.8,327.9,312,313.3
1985-05-06,311.5,318.5,309.7,317.5
1985-05-13,319,329.8,318,321
1985-05-20,324,324.8,312.8,314.8
1985-05-27,314,323,308.6,319.5
1985-06-03,320.1,322.4,315.8,317.7
1985-06-10,314.5,324.5,312.5,322
1985-06-17,321,331.3,314,316.6
1985-06-24,316,320.8,315.3,317.7
1985-07-01,317.1,317.3,308.3,311.4
1985-07-08,312,320,310,319.2
1985-07-15,318.2,328,315.2,318.8
1985-07-22,318,324.2,316.4,322
1985-07-29,322.5,337.5,322,329.7
1985-08-05,330.7,337,327,336.3
1985-08-12,335.5,348.3,332.8,345.6
1985-08-19,348,350.2,337.5,342.7
1985-08-26,342.5,348.9,338.5,339.8
1985-09-02,335,335.8,321,326.6
1985-09-09,324.3,328.5,323,324
1985-09-16,324.5,326.4,318.2,323.8
1985-09-23,334.5,336.5,330.3,332.9
1985-09-30,330,335.7,324.9,332.2
1985-10-07,331,331.7,327.7,330.7
1985-10-14,330,331.4,325.5,329.7
1985-10-21,329,331.7,325.5,329.4
1985-10-28,328.9,330.3,324.5,328.1
1985-11-04,327.2,327.5,322.1,325.6
1985-11-11,324.4,328.3,323.8,324.7
1985-11-18,324.8,329.5,324,327.4
1985-11-25,330.2,333.4,325.3,327.3
1985-12-02,327.8,329,322.8,326.2
1985-12-09,322.5,322.9,315.5,322.2
1985-12-16,321.5,330.8,321.2,328.7
1985-12-23,329.5,331.4,326.6,329
1985-12-30,329,332.4,328,330
1986-01-06,330.5,344.5,329.3,343.3
1986-01-13,342.5,369.5,340,358
1986-01-20,352.5,359.7,350,358.4
1986-01-27,360.3,364.2,351,352.9
1986-02-03,351,352.2,335.5,342.5
1986-02-10,344.5,344.6,331.7,336.2
1986-02-17,336.2,346.7,336.2,343.3
1986-02-24,345.5,357.5,335.1,341
1986-03-03,340.5,347.5,336.2,345.7
1986-03-10,342,353.3,340.8,348.9
1986-03-17,349.2,359.6,347,357.4
1986-03-24,352,355,341.8,343.1
1986-03-31,346,346,330.8,338.4
1986-04-07,338.2,348.5,336.5,347.5
1986-04-14,345,352.5,338.2,346.7
1986-04-21,344,350.9,343.2,346.2
1986-04-28,346,349.5,340.5,344.7
1986-05-05,344.5,348.8,339.5,345.5
1986-05-12,347,347.4,342.5,343.8
1986-05-19,343,343.4,337.7,342.4
1986-05-26,341.5,347.5,341.3,347.1
1986-06-02,346.2,346.7,343.6,344.8
1986-06-09,344.5,355,344.2,348.8
1986-06-16,339.5,348.8,336.5,342.7
1986-06-23,342.8,347.8,342.5,346.9
1986-06-30,348.5,350,343.3,345.4
1986-07-07,345.5,352,345.1,347.8
1986-07-14,346.8,357,346,356.5
1986-07-21,355.5,356.3,344.5,348.2
1986-07-28,352.7,371.3,351.6,367.5
1986-08-04,366.5,383.9,364.3,382.5
1986-08-11,397,404.5,386.5,390.2
1986-08-18,385,393.8,377.5,379.5
1986-08-25,382,395.6,382,393.3
1986-09-01,399,430,397.1,428.3
1986-09-08,423,430,403,421.5
1986-09-15,416,441.5,415,441
1986-09-22,443,446,429.5,431.5
1986-09-29,433.5,444.5,422,437.5
1986-10-06,440.3,446.5,428.5,434.5
1986-10-13,435.8,437.5,419.5,422.2
1986-10-20,422.5,431.7,409,409.7
1986-10-27,412,416,400,405.5
1986-11-03,405,413.2,404.8,410.6
1986-11-10,412,413.8,398,398.8
1986-11-17,396.5,396.5,376.5,379.3
1986-11-24,380.5,396,379.3,394.8
1986-12-01,402,403.5,386.5,392.9
1986-12-08,393.3,396.7,388.3,395.8
1986-12-15,398.5,399.5,393.6,395.8
1986-12-22,399.7,400.8,390.2,393
1986-12-29,394,410.4,390.8,404
1987-01-05,403,408,399,407.5
1987-01-12,411.5,422,409.6,417.3
1987-01-19,424.5,425,400.4,405.3
1987-01-26,405.9,417.2,400,408.9
1987-02-02,409.7,412,401.3,407.4
1987-02-09,407.2,410,397,400.7
1987-02-16,399.8,409.7,391.4,408.7
1987-02-23,406.1,410.8,401.2,407.4
1987-03-02,406.6,414.4,404.8,407.8
1987-03-09,406.5,411.8,403,405
1987-03-16,406,408,403.2,406.3
1987-03-23,407,424,406.9,422.7
1987-03-30,428.5,429.9,418.5,423.9
1987-04-06,426,440.5,421.4,436.7
1987-04-13,438.5,455.8,438.3,447.3
1987-04-20,447.5,473,445,465.5
1987-04-27,480,480.5,440.5,459.5
1987-05-04,460.5,467,454.5,456.7
1987-05-11,456,476.6,454.4,476.2
1987-05-18,475.5,481.5,462,464.6
1987-05-25,448.5,462.4,445.5,456
1987-06-01,449.5,464.3,446.8,458.8
1987-06-08,462.8,468.8,453.8,458.9
1987-06-15,452,458,448,448.7
1987-06-22,446,452,437.6,450.1
1987-06-29,448,453.5,447.5,448.8
1987-07-06,444.5,450.8,442.5,446
1987-07-13,446.5,456.7,445.2,449.3
1987-07-20,451.6,457.2,450.8,454.5
1987-07-27,454,475.7,452.1,475.1
1987-08-03,486,490.2,463,464.8
1987-08-10,470,475,456.9,461.2
1987-08-17,463.5,469.5,460,465.7
1987-08-24,464,471.3,459,461.3
1987-08-31,461.2,474.8,458.7,470.8
1987-09-07,466.6,472,462.7,464.3
1987-09-14,461,469.8,460.5,465.3
1987-09-21,464.9,471.5,463.8,466.6
1987-09-28,467,468.7,457.9,460.3
1987-10-05,461.3,468.5,461.1,466.9
1987-10-12,467,476.7,463.2,476.3
1987-10-19,493,496,459,476.7
1987-10-26,481,483.5,464,471.2
1987-11-02,472.3,476,456,462.1
1987-11-09,464.5,467.5,457.8,465.6
1987-11-16,461.8,470.9,461.5,470.3
1987-11-23,469,493.5,468.8,492.3
1987-11-30,502.5,503,483.9,487.8
1987-12-07,486.5,503,484.9,502
1987-12-14,506.3,507.4,475,484
1987-12-21,485,490.1,483.1,489.6
1987-12-28,492.9,494.7,484.6,488.9
1988-01-04,484,487.4,476.6,485.5
1988-01-11,486.4,488.5,474,474.5
1988-01-18,476.5,479,475,477.8
1988-01-25,476.5,476.9,454,458.5
1988-02-01,458.5,461.9,439.8,443.2
1988-02-08,445.5,449.5,435,448.7
1988-02-15,447.5,451.4,445,448
1988-02-22,447,449.7,429.3,431.1
1988-02-29,427,440.5,425.1,438.8
1988-03-07,436.5,445.5,436.2,442.6
1988-03-14,442.8,449.2,441.7,445.2
1988-03-21,446.5,457.4,446.4,453.3
1988-03-28,454.5,463.2,453.1,457.9
1988-04-04,461.5,462.9,448.8,453.7
1988-04-11,450.7,461,449.4,458.5
1988-04-18,463,464,451,452.4
1988-04-25,452.6,455,448.2,452.6
1988-05-02,449.5,449.5,443.6,445.3
1988-05-09,445.8,454.8,445.5,453.7
1988-05-16,455.7,462.3,453.3,458.7
1988-05-23,461.5,463,450.2,450.8
1988-05-30,459,473.8,457.8,469.3
1988-06-06,469.5,470.3,452.1,453.3
1988-06-13,453.5,459.8,450.3,458.3
1988-06-20,457.8,458.5,443.5,446
1988-06-27,445.3,447.7,432.3,439.6
1988-07-04,439.5,443.7,437.6,441
1988-07-11,441.3,443.7,434.2,441.3
1988-07-18,436.5,449,435.1,442.9
1988-07-25,441.8,449.3,424,447.3
1988-08-01,447.6,448.6,441.2,442.6
1988-08-08,442.2,445,433,441.2
1988-08-15,440,445.7,437.1,441.4
1988-08-22,440.3,446.8,439.6,441.4
1988-08-29,441.6,442.1,432.5,437.4
1988-09-05,436.6,437.9,427.5,428.5
1988-09-12,426,430.3,415,418.2
1988-09-19,414,417,398,399.3
1988-09-26,397,404.3,395.5,399.2
1988-10-03,398.8,409.4,398.1,407.3
1988-10-10,411,416,407.9,412.5
1988-10-17,414.3,418.3,411.1,411.5
1988-10-24,408.5,419,407.1,414.9
1988-10-31,415.1,427.2,412.6,423.5
1988-11-07,423,425.5,419.5,423.1
1988-11-14,421.6,428.9,416.8,418.1
1988-11-21,417.8,421.1,416,420.1
1988-11-28,424.5,438,422,436.7
1988-12-05,435.8,436.6,423.6,427.6
1988-12-12,425.5,426.6,413,417.6
1988-12-19,417.5,422,415.8,421.6
1988-12-26,421.9,422.5,409.5,412.3
1989-01-02,416.1,416.3,406.4,408.1
1989-01-09,404.5,408.8,402.3,403.5
1989-01-16,402.8,409.5,401.5,409.3
1989-01-23,409,411.2,394.5,396.1
1989-01-30,399,400.5,392.2,396.3
1989-02-06,394.8,401.2,389.8,391.7
1989-02-13,390.2,391.4,382,384.3
1989-02-20,387.3,396.2,386.2,392.6
1989-02-27,394.6,395.2,385.8,389.3
1989-03-06,391.3,400.2,388.2,396.5
1989-03-13,395.2,400,389.8,395
1989-03-20,397.5,399,391.7,393.4
1989-03-27,392.5,392.5,381.8,390
1989-04-03,390.3,392.7,386,388
1989-04-10,386.2,396.9,385.3,389.8
1989-04-17,389.5,390.5,385.7,388.2
1989-04-24,387.7,391.7,379.6,380.5
1989-05-01,377.8,382.9,377,379.3
1989-05-08,379.5,383,376.5,378.9
1989-05-15,376.5,377.4,366.3,366.6
1989-05-22,362,369.7,360.6,365.9
1989-05-29,366.7,372,365.5,371.9
1989-06-05,372.5,384.3,360.5,362
1989-06-12,363,372.8,362.5,368.8
1989-06-19,368.5,384.8,368.1,381.8
1989-06-26,380.5,383,373.1,377.3
1989-07-03,379.5,390.8,377.2,385.7
1989-07-10,387.2,387.9,370.8,372.2
1989-07-17,372.6,375,369,373
1989-07-24,373,381.5,372.1,375.4
1989-07-31,376.5,382.5,374.2,375.4
1989-08-07,375.2,375.4,368.5,371.4
1989-08-14,370.4,379,370.4,373.9
1989-08-21,373.6,375.5,366.5,366.7
1989-08-28,367,371.8,364.2,366.1
1989-09-04,364.8,367.5,363.5,365
1989-09-11,365,370,360.6,368.9
1989-09-18,366.4,374,365,370.7
1989-09-25,373.5,376.7,370.8,372
1989-10-02,371.2,373,367.2,368.2
1989-10-09,367.7,368.7,364.3,367.3
1989-10-16,373,374,369.3,370.6
1989-10-23,369.8,381.5,369.5,381.2
1989-10-30,381.6,386,375.7,381
1989-11-06,382.3,391.4,381.2,388.6
1989-11-13,392.5,396,389.3,395.8
1989-11-20,396.3,419.7,395.6,419.3
1989-11-27,416.3,421.5,409,419.3
1989-12-04,415,419.9,406.5,416.8
1989-12-11,418.5,424.2,408.2,418.3
1989-12-18,412.3,419.2,409.5,416.7
1989-12-25,416.2,416.5,400.1,405.2
1990-01-01,401,409.5,394.5,408.5
1990-01-08,406.1,419.8,404.3,414.7
1990-01-15,417.4,418.5,409,410.9
1990-01-22,408.5,425,404.7,420.3
1990-01-29,421.7,427,416.5,423.4
1990-02-05,425.2,430.3,419.5,420.6
1990-02-12,420.2,425.8,415.5,420.8
1990-02-19,422.3,426.4,417.5,418.2
1990-02-26,415.7,416,404,405.6
1990-03-05,406.1,408.3,399,401.6
1990-03-12,402.3,403.6,396.7,400.9
1990-03-19,402.9,404.2,386.3,389.4
1990-03-26,373.5,377.9,362.5,375
1990-04-02,372.3,385.4,371.8,385.2
1990-04-09,380.8,381.9,376.2,379.7
1990-04-16,378.9,381.4,375.9,379.9
1990-04-23,378.8,383,372,374
1990-04-30,370.2,375,367.7,373.1
1990-05-07,373.8,375.2,368.5,370.5
1990-05-14,369.6,376.7,366.7,375.6
1990-05-21,374.5,377.6,361,368.4
1990-05-28,369,371.8,362.2,363.5
1990-06-04,360.7,365.2,355.5,359.2
1990-06-11,359.3,361.8,348.2,352.3
1990-06-18,352.7,355,349.5,352.8
1990-06-25,356.5,361,351.7,359.9
1990-07-02,359.5,365.5,359.5,362.9
1990-07-09,362.7,369,352,365.7
1990-07-16,363.7,365.1,360.5,362
1990-07-23,365.8,375.5,365.8,368
1990-07-30,377,394.5,375.6,386.4
1990-08-06,390.8,406,388.7,405.9
1990-08-13,411,424.7,406.6,418.3
1990-08-20,419.7,425,410,423.2
1990-08-27,413,413,386,389.2
1990-09-03,390.1,396.7,386.7,396
1990-09-10,388.7,394,381.6,391
1990-09-17,393,399,389.7,394.5
1990-09-24,396.8,414.3,396.1,408.1
1990-10-01,402.9,404,390,398.1
1990-10-08,395.5,402.2,387.7,391.3
1990-10-15,385.9,385.9,361.5,375.7
1990-10-22,369,380.2,368.7,373.2
1990-10-29,373,385.8,372.9,378
1990-11-05,378.3,391.5,377.8,386.3
1990-11-12,383,387.5,376,379.8
1990-11-19,378.2,385.2,376.3,384.5
1990-11-26,387,393.3,382.8,385.7
1990-12-03,384.9,385.9,369.1,372.1
1990-12-10,374.5,379.5,372.2,378.6
1990-12-17,379.6,391,378.2,384.3
1990-12-24,384.3,396.5,384.3,396.2
1990-12-31,394.8,396.5,385,387.2
1991-01-07,393.2,396.8,379.5,393.3
1991-01-14,399.5,406.9,371,375.1
1991-01-21,379,382.2,371.5,376.1
1991-01-28,374.6,378.5,366.5,368.7
1991-02-04,369.5,373.7,363,372.4
1991-02-11,370.7,372.2,365.1,366.1
1991-02-18,364.6,367.6,357,358.3
1991-02-25,359,370.3,358.7,368.6
1991-03-04,367,372.8,365.2,371.2
1991-03-11,370.6,371,364.5,365.8
1991-03-18,363,367.7,361.8,363.5
1991-03-25,361.5,362,354.5,359.4
1991-04-01,359.1,363.4,359.1,362.1
1991-04-08,362.1,368.2,361.5,362.7
1991-04-15,363.3,364.7,358.1,359
1991-04-22,357.9,360.3,354.6,355.5
1991-04-29,353.5,361.3,352.6,355.5
1991-05-06,355,359.5,355,358.3
1991-05-13,358.4,363.2,354.9,356
1991-05-20,355.6,358.8,354.8,356.8
1991-05-27,356.7,367.7,354.7,364.8
1991-06-03,366.8,371.3,364.5,369.5
1991-06-10,373.5,377.9,368.4,369.8
1991-06-17,370.3,375,367.3,368.1
1991-06-24,367.8,373,361.5,370
1991-07-01,370.2,372.3,367.8,371.6
1991-07-08,372.1,373.2,368,369.6
1991-07-15,370.5,372.8,368.5,371.2
1991-07-22,370.8,371.1,363.6,366.3
1991-07-29,365.8,371.6,360.8,362.3
1991-08-05,361.3,364.9,360.2,364.4
1991-08-12,363.8,366,360.6,363.5
1991-08-19,368.2,368.5,357.1,358.6
1991-08-26,359.1,361.1,350.1,352.9
1991-09-02,351.3,353.5,350.6,353.4
1991-09-09,354.5,357,346,348.2
1991-09-16,349.2,353.8,348.2,352.1
1991-09-23,352.5,358,350.8,352.4
1991-09-30,355.4,362,355,361.7
1991-10-07,361.1,363.5,359.1,362.4
1991-10-14,363.1,365,357.9,364.4
1991-10-21,366.1,367.4,362.4,362.7
1991-10-28,361.2,361.9,356.5,356.9
1991-11-04,358.1,358.6,353.6,355.2
1991-11-11,355.9,361,355.5,360.1
1991-11-18,360.7,370.7,360.1,369.6
1991-11-25,368.8,371.2,365.8,371.1
1991-12-02,371.6,373,365.4,371.9
1991-12-09,374.2,374.9,358.2,361.3
1991-12-16,361.9,362.2,356.8,360.3
1991-12-23,361.1,362.7,353.5,355
1991-12-30,354.4,354.7,350.9,351.5
1992-01-06,351.8,360.5,348.5,356.9
1992-01-13,355.2,359,353.3,354.5
1992-01-20,356.6,361.5,352.2,354.7
1992-01-27,356.3,361.3,354.6,358.9
1992-02-03,359.5,359.8,355.3,356.5
1992-02-10,356.5,360.5,354.4,355.1
1992-02-17,354.3,355.3,351.5,352.5
1992-02-24,350.3,356.6,349.4,354.1
1992-03-02,351.3,353,349.2,350.3
1992-03-09,349.5,351.5,347,347.3
1992-03-16,345.9,346,336.3,338.5
1992-03-23,338.4,343.3,338.2,342.5
1992-03-30,345,346.9,341.6,342.7
1992-04-06,341.5,344.2,339,342.5
1992-04-13,342.9,343.2,336.2,338.3
1992-04-20,338.6,343,336.7,337.5
1992-04-27,337.5,339.4,334.9,339.3
1992-05-04,338.3,338.5,335.3,336.3
1992-05-11,337.3,340.8,335.1,339.1
1992-05-18,339.3,341.7,336.8,338.1
1992-05-25,337.7,339.8,337.7,338.4
1992-06-01,338.7,342.9,338.2,340.7
1992-06-08,340.8,345.8,339.5,344.7
1992-06-15,344.7,346.9,341.8,342.4
1992-06-22,344,346.6,343.5,343.9
1992-06-29,343.4,349.7,342.7,347.6
1992-07-06,347.7,351.2,345.8,349
1992-07-13,349,360.1,349,358
1992-07-20,359.3,361.2,356.8,359.5
1992-07-27,358,362,355.5,361.4
1992-08-03,360.5,360.6,351.4,353.9
1992-08-10,354.3,354.4,335,337.8
1992-08-17,339.2,341.3,337.6,340
1992-08-24,344.2,345.3,340.5,342.4
1992-08-31,342.8,346.7,340.3,343.8
1992-09-07,344.1,346.1,341.5,342.9
1992-09-14,346.4,354.5,345.9,353
1992-09-21,350.6,352.9,348,351.1
1992-09-28,350.9,351.3,348.3,349.6
1992-10-05,350.7,353.4,350.3,351.4
1992-10-12,346.9,347.8,341.6,343.2
1992-10-19,343.2,345.4,342.8,344.2
1992-10-26,341.7,342.4,336.9,340.1
1992-11-02,339.9,340.8,333.7,336.2
1992-11-09,335.7,337.5,328.9,335.4
1992-11-16,335.9,337,333.5,335.3
1992-11-23,334.2,335.6,332.8,335.5
1992-11-30,335.4,337.7,334.9,336.6
1992-12-07,336.3,337.2,333.9,336
1992-12-14,336.3,340.1,335.3,337.7
1992-12-21,337.1,337.2,332,333.4
1992-12-28,334.2,334.8,332.3,333.1
1993-01-04,329.1,330.4,326.5,329.5
1993-01-11,328.8,330.7,326.3,327
1993-01-18,327,330.4,326.9,328.6
1993-01-25,328.5,333,328.2,330.7
1993-02-01,330.2,331.2,328.5,328.9
1993-02-08,328.3,334.6,328.3,330
1993-02-15,330.9,334.4,329.8,331
1993-02-22,330.1,332.2,327.8,329.1
1993-03-01,329.5,331.3,328.3,330.4
1993-03-08,329.3,329.5,325.8,328.5
1993-03-15,328.8,332.9,328.5,332.3
1993-03-22,333.3,333.9,331,332.5
1993-03-29,331.4,343.7,331.2,342.3
1993-04-05,340.6,341.5,337.3,338.9
1993-04-12,338.4,342.2,336,340.2
1993-04-19,341.9,348,338.9,347.5
1993-04-26,352.3,358.5,350.1,357.2
1993-05-03,358.8,360.6,354.3,357.4
1993-05-10,357.4,373,356,368.3
1993-05-17,369.2,383.5,367,377.9
1993-05-24,380.2,386.5,372,380.3
1993-05-31,379.7,380.2,367.5,378.5
1993-06-07,375.4,378.3,364.5,367.5
1993-06-14,368,374,361.7,372.5
1993-06-21,370.7,379,367.5,378.1
1993-06-28,379.2,393.6,375,386.7
1993-07-05,393.3,398.1,390.8,392.3
1993-07-12,394.2,396.8,388.5,392.9
1993-07-19,393.5,396.5,387.6,390
1993-07-26,390.6,411.7,390.2,411.3
1993-08-02,410.4,414,374.5,379.9
1993-08-09,384.8,387.2,368.5,372.6
1993-08-16,375.8,377.7,373.7,376.4
1993-08-23,375.3,377.3,367,372.1
1993-08-30,372.4,375.9,364,367.1
1993-09-06,365.7,366,350,352.4
1993-09-13,348.2,357.5,343,352.8
1993-09-20,356,365.5,353,359.4
1993-09-27,359.1,359.4,352.2,356.9
1993-10-04,357.2,362.2,350,361.5
1993-10-11,362.3,370.5,360.6,366.2
1993-10-18,365.9,376.7,365.4,371.3
1993-10-25,372.4,373.7,367.6,369.6
1993-11-01,368.6,381.2,360.7,377.8
1993-11-08,379,379,373,373.6
1993-11-15,373.4,380.4,369.6,378.3
1993-11-22,379.4,379.9,375.2,377.2
1993-11-29,376.7,379.6,370.4,378.6
1993-12-06,378.8,386.7,377.2,384.9
1993-12-13,389.3,390.4,385.2,388.9
1993-12-20,391.1,392.2,385.6,387
1993-12-27,388.1,393.9,384.8,391.9
1994-01-03,391.9,397.8,385,387.2
1994-01-10,383,392.2,380,390.1
1994-01-17,393.8,395.5,381.5,381.7
1994-01-24,380.5,385,377.2,379
1994-01-31,380.3,392.3,377.5,388.3
1994-02-07,385.6,386.5,380.5,381.7
1994-02-14,383.6,388.9,377.7,381.6
1994-02-21,380.5,381.1,375.7,379.8
1994-02-28,381.9,383.6,374,378.6
1994-03-07,378.2,389.9,375.8,386.1
1994-03-14,386.5,388.5,382.7,387.6
1994-03-21,387.8,392.7,386.1,391.2
1994-03-28,389.4,396.5,385,394.3
1994-04-04,394.7,395.8,385.3,386.3
1994-04-11,386.1,386.3,377.5,379.4
1994-04-18,378.8,380.7,369.5,372.1
1994-04-25,372.1,378.3,372,377.8
1994-05-02,377.7,387,373.1,384.5
1994-05-09,382.3,384.8,378.4,381.5
1994-05-16,381.3,386.5,379.5,386.3
1994-05-23,387.9,390.2,382.5,384.7
1994-05-30,388.2,391.4,382.3,383.2
1994-06-06,382.8,386.4,380.4,385.8
1994-06-13,384,395,383.6,393.7
1994-06-20,395.2,397.9,390,392.9
1994-06-27,391.7,391.9,383.9,388.1
1994-07-04,389.3,389.9,383.2,385.1
1994-07-11,385.9,390.3,382,386.4
1994-07-18,386.7,388.3,383.8,385
1994-07-25,384.9,394.1,384.7,389.2
1994-08-01,390.1,390.4,380.5,382.9
1994-08-08,382.6,384.7,380.2,381.5
1994-08-15,381,387.5,380.3,386.9
1994-08-22,386.6,390,385.8,388
1994-08-29,386,394,385.7,391.4
1994-09-05,391.8,396.9,391.5,395.8
1994-09-12,395.5,395.9,390.6,393.6
1994-09-19,393.2,400.7,392.9,399.6
1994-09-26,398.5,401.9,396.3,397.6
1994-10-03,396.2,399.8,392,393.8
1994-10-10,394.5,395.2,388,390
1994-10-17,390.7,394.5,390.7,392.8
1994-10-24,391.5,392.1,388,388.7
1994-10-31,388.3,388.7,383.5,384.7
1994-11-07,383.8,386.8,383.1,385.7
1994-11-14,385.3,387.9,383.5,384.5
1994-11-21,383.8,385.5,382.4,384.7
1994-11-28,384.5,387.5,378.8,379
1994-12-05,379.7,380.5,377.7,379.9
1994-12-12,379.6,383.6,379.5,381.1
1994-12-19,381,385.2,380.8,382.3
1994-12-26,382.8,386.8,382.7,384.4
1995-01-02,382.4,383.4,372,372.2
1995-01-09,373.4,382.7,372.5,379.3
1995-01-16,377.6,385.6,377.6,385.4
1995-01-23,385.8,386,375,376.8
1995-01-30,379.1,379.8,376.8,378.8
1995-02-06,378.3,379.8,377,378.4
1995-02-13,377.9,381.7,376.4,380.6
1995-02-20,381.2,382.4,376.3,378.2
1995-02-27,378.6,379,374.5,377.8
1995-03-06,378.5,386.1,378.3,383.1
1995-03-13,384.1,388.9,381.8,384.2
1995-03-20,382.7,384.9,381.6,382.7
1995-03-27,382.7,402,382,394.3
1995-04-03,395.2,398.2,393.1,395.7
1995-04-10,393.6,394.8,391,392.4
1995-04-17,394.7,400.8,391.7,392.7
1995-04-24,393.3,394.4,387.3,388.5
1995-05-01,389.9,393.9,388.1,392.4
1995-05-08,392.5,392.5,383,384.3
1995-05-15,384.8,385.9,382.7,383.1
1995-05-22,381.5,388.8,381.5,386.6
1995-05-29,389.5,390.2,386.5,387
1995-06-05,386.9,392,386.3,391.1
1995-06-12,390.6,395,389.1,392.7
1995-06-19,393.3,394.5,390.8,392.1
1995-06-26,391.2,392.2,384.2,385.6
1995-07-03,385.2,387.7,384,386.7
1995-07-10,386.7,396.3,385.6,389.6
1995-07-17,388.9,392.5,384.7,386.6
1995-07-24,386.8,389.5,383,389.3
1995-07-31,389.5,390.5,387.3,389.3
1995-08-07,389.2,391.2,388.8,389.3
1995-08-14,389,393.5,386,389.9
1995-08-21,390.8,396,387.1,387.8
1995-08-28,387.5,387.8,383.2,384.7
1995-09-04,384.1,387.4,383.1,385.6
1995-09-11,386.2,390,385.8,389
1995-09-18,388.9,390.6,385.6,386.1
1995-09-25,385.7,387.5,385.2,386.5
1995-10-02,385.9,386.8,384.7,386.1
1995-10-09,387.3,388.7,386,386.4
1995-10-16,386.4,386.7,382.6,384.1
1995-10-23,384.7,385.2,383.1,383.9
1995-10-30,383.7,384.6,383.4,383.7
1995-11-06,383.5,391.5,383.2,390.5
1995-11-13,390.5,390.7,384.5,387.5
1995-11-20,386.9,387.8,381.5,382.1
1995-11-27,384.6,390.5,382.9,387.4
1995-12-04,387.1,392.4,386.8,391.4
1995-12-11,391.4,392.3,386.7,387.6
1995-12-18,388,390,387.4,388.2
1995-12-25,388.5,388.8,386.7,388.1
1996-01-01,392,399.2,388,396.5
1996-01-08,396.4,403,394.8,396.7
1996-01-15,394.4,401.3,393.8,399.9
1996-01-22,402,409.5,399.9,405.8
1996-01-29,405.7,419.6,404.2,417.7
1996-02-05,418,418,406.5,407.8
1996-02-12,407.9,409.2,402.1,407.5
1996-02-19,407.2,407.2,397.5,399.9
1996-02-26,402,403.6,398.3,400.2
1996-03-04,400,400,392.3,398.2
1996-03-11,397.7,398.7,395.9,396.9
1996-03-18,396.4,399.5,394.6,398.9
1996-03-25,399,402.5,396.9,398.4
1996-04-01,398.1,398.3,395.7,397.6
1996-04-08,397.8,401,396.1,397.1
1996-04-15,395.9,396.3,391.5,392.7
1996-04-22,392.7,396.8,391.6,392.2
1996-04-29,392.2,396.8,392,394.1
1996-05-06,394.5,398,391.8,392
1996-05-13,392.2,393.9,391.5,393
1996-05-20,393.1,393.3,389.8,390.9
1996-05-27,390.6,395.5,390.6,394.4
1996-06-03,394.3,394.3,386.2,387.6
1996-06-10,387.8,388.6,383,387.1
1996-06-17,386.9,388.7,384.6,386.8
1996-06-24,386.8,387.4,381.5,381.6
1996-07-01,382.3,384,382.3,382.5
1996-07-08,383.5,385.4,381.5,384.4
1996-07-15,384,387,383.6,385.3
1996-07-22,385.4,386.6,384.2,385.7
1996-07-29,385.7,393.6,384.6,393.2
1996-08-05,394.2,396.2,392.9,393.3
1996-08-12,393.5,394,390.9,391.4
1996-08-19,392.4,393.7,391.2,393.2
1996-08-26,393.3,394.6,390,391.3
1996-09-02,391.5,391.5,388.6,388.8
1996-09-09,389,389.1,384.6,385.6
1996-09-16,385.7,387,383.3,383.9
1996-09-23,384,385.9,381.9,382.8
1996-09-30,381.9,383.5,379.8,382.6
1996-10-07,382.3,385.3,382.2,383.4
1996-10-14,383.3,384.3,381.6,382.1
1996-10-21,382.2,386.5,381.8,384.6
1996-10-28,384.5,384.9,377.8,379.2
1996-11-04,379.3,382,378.3,380.5
1996-11-11,380.9,385.8,379.8,381.1
1996-11-18,380.3,380.4,375.8,376.3
1996-11-25,376.5,376.5,372.5,373
1996-12-02,373.9,376.1,367.7,370.8
1996-12-09,370.6,372,369.4,370.4
1996-12-16,370,371.8,369,370.5
1996-12-23,370.4,371.7,370.3,371.1
1996-12-30,371.2,371.7,361.8,362
1997-01-06,362.4,362.5,355,360.2
1997-01-13,360,361.7,352.6,356.4
1997-01-20,356.1,356.4,347.3,353.4
1997-01-27,353.5,358.2,345.4,346
1997-02-03,346.3,349.2,339.4,344
1997-02-10,343.9,348.6,338.5,346.7
1997-02-17,346.2,356.8,346,354.1
1997-02-24,354,365.5,353.8,365.1
1997-03-03,365.1,366,349.1,349.9
1997-03-10,350.3,355.5,350.3,353
1997-03-17,352.6,354.8,346.3,353.5
1997-03-24,353.3,353.3,346.4,350.2
1997-03-31,352.8,356,349.5,351.7
1997-04-07,351.4,352.3,348,349.3
1997-04-14,349.5,349.8,339.5,343.4
1997-04-21,343.3,345.1,342,343.9
1997-04-28,343.6,343.7,340.4,341.6
1997-05-05,342,349.5,340.5,349.3
1997-05-12,349.5,352.2,344.3,344.9
1997-05-19,344.8,345.3,340.7,343.1
1997-05-26,343.4,350.4,343.1,347.5
1997-06-02,347.3,347.6,341.5,345.7
1997-06-09,345.8,347.3,342.8,343.1
1997-06-16,343.1,345,339.1,339.4
1997-06-23,339.1,343.2,335.2,335.9
1997-06-30,335.9,336.7,324,325.2
1997-07-07,325.2,325.8,314.6,322.2
1997-07-14,322.1,330.9,317.6,329.6
1997-07-21,329.8,330.2,321.2,326.5
1997-07-28,326.5,332.8,325.1,328.9
1997-08-04,328.5,332,321,330.4
1997-08-11,330.8,333.4,326.6,329.5
1997-08-18,330.4,331.8,323.9,329.7
1997-08-25,328.6,330.7,326.8,327.4
1997-09-01,327,328.4,323.6,325.4
1997-09-08,325.4,329,323,326.2
1997-09-15,326.2,326.2,321,323
1997-09-22,322.9,330.2,322.2,329
1997-09-29,329,342.1,328.3,336.9
1997-10-06,336.4,336.9,327,331.2
1997-10-13,330.9,332.2,324.5,326.2
1997-10-20,325.8,326.1,308.3,308.6
1997-10-27,309.6,319.3,308,312.1
1997-11-03,312.1,316.9,308.6,311.2
1997-11-10,310.6,315.7,300,304.3
1997-11-17,304.5,308.2,303.2,305.9
1997-11-24,305.6,307.1,295.1,296.9
1997-12-01,298.5,299.1,288.2,290.5
1997-12-08,290.5,291.5,283.3,284.8
1997-12-15,284.7,292.9,284.5,291.1
1997-12-22,291,298.5,291,296.2
1997-12-29,296.2,296.2,288.2,289.4
1998-01-05,289.3,289.9,279,279.1
1998-01-12,279.1,296.6,277.5,291.1
1998-01-19,288.1,301,287.2,300.3
1998-01-26,300.3,309,296.7,304.6
1998-02-02,304.6,310,296,300
1998-02-09,300.8,303.5,299,301.6
1998-02-16,300.5,302.3,297.8,298.7
1998-02-23,298.2,301.2,291.8,300.1
1998-03-02,300,301.5,293.7,295.2
1998-03-09,295,296.8,294.2,295.9
1998-03-16,296.1,296.4,287.3,292.2
1998-03-23,292.3,305,292.3,303.1
1998-03-30,304.9,310.8,301.2,310.3
1998-04-06,310.3,317,308.5,310.2
1998-04-13,311.6,313.1,307.4,309.4
1998-04-20,309.2,316.8,308.2,314.2
1998-04-27,313.8,314.4,302.5,303.6
1998-05-04,304.2,306.9,297.8,300.7
1998-05-11,300.4,304.4,295.9,301.9
1998-05-18,301.9,302,298.1,300
1998-05-25,299.5,299.7,290.6,295.1
1998-06-01,295.4,296.2,289.2,293.6
1998-06-08,293.2,301,286.3,287.3
1998-06-15,287.4,301.6,285.6,300.8
1998-06-22,298,299,293.4,295
1998-06-29,295,299.7,293.7,295
1998-07-06,295.3,297,290.8,291.6
1998-07-13,290.8,296.1,289.7,295.1
1998-07-20,295.5,297,290.5,291.2
1998-07-27,291.4,295.4,289.1,290.5
1998-08-03,291,294.8,286.8,290.5
1998-08-10,290.5,291.8,286.2,287.9
1998-08-17,287.7,290.9,286.7,288.7
1998-08-24,289,289.1,273.8,277.9
1998-08-31,278.5,290.8,277.3,290.1
1998-09-07,291.5,300.2,286.3,296.8
1998-09-14,296.3,296.3,289.6,294.2
1998-09-21,294.2,302.2,290,296.2
1998-09-28,295.7,305.6,294,302.8
1998-10-05,302.9,306.9,296.1,298.5
1998-10-12,299,302.7,296.6,301.7
1998-10-19,301.3,302,292.9,294.2
1998-10-26,294,296,292,293.7
1998-11-02,294,296,288.7,294
1998-11-09,293.7,298.4,292.6,296.5
1998-11-16,296.1,299.1,294.3,296.4
1998-11-23,296.6,297.3,295.5,296.5
1998-11-30,298.8,298.8,293.3,294.3
1998-12-07,294.3,299.5,291.2,292.6
1998-12-14,293.3,297.4,289.8,290.4
1998-12-21,290.8,292.2,286.5,287.5
1998-12-28,287.6,289.5,287,289.2
1999-01-04,289.6,293.3,287,292
1999-01-11,292.3,294.3,285,287.4
1999-01-18,287,289,285.8,286.7
1999-01-25,286.5,289.3,282.5,288.2
1999-02-01,288.5,292.6,288,290.5
1999-02-08,290.8,292,288.5,291.2
1999-02-15,291,291,285,289.5
1999-02-22,289.4,289.8,286.5,288.3
1999-03-01,288,291.1,286.5,289.5
1999-03-08,289.5,296.5,289.1,293.4
1999-03-15,293.1,293.6,282,284.5
1999-03-22,284.6,285.6,278.5,279.7
1999-03-29,279.7,283,279.7,282
1999-04-05,281.8,284.1,279.1,283.4
1999-04-12,283.6,286.7,282.4,285.6
1999-04-19,285.5,287,284.3,284.9
1999-04-26,285.3,289,281.6,287.8
1999-05-03,287.9,291.2,280.3,283.7
1999-05-10,282.9,283.4,275.8,276.2
1999-05-17,276.2,277.3,272.4,273.3
1999-05-24,273.2,274.2,267.9,272
1999-05-31,271.5,272,265.2,267.2
1999-06-07,267,269,258.5,262.3
1999-06-14,261.6,264.8,259.4,260.9
1999-06-21,261.3,262.8,259.2,260.8
1999-06-28,260.8,264.7,260.6,264.6
1999-07-05,263.6,263.6,256.5,258.1
1999-07-12,257.8,258.1,253.7,254.5
1999-07-19,254.6,258,253.2,255.4
1999-07-26,256,260.1,253.8,258.8
1999-08-02,258.8,260.8,256.6,258.6
1999-08-09,258.5,263.9,258.1,263.2
1999-08-16,263.5,264.7,259.5,259.6
1999-08-23,259.6,259.9,253.8,255.5
1999-08-30,255.5,258.2,254.8,255.5
1999-09-06,255.6,258.9,255.6,257.9
1999-09-13,258.1,258.7,255,255.9
1999-09-20,255.5,272.4,255.3,269.8
1999-09-27,269.8,329,269.6,305.3
1999-10-04,305.6,339,305.6,321.7
1999-10-11,321.5,325.3,312.3,316.4
1999-10-18,317.2,319.2,302.1,303.3
1999-10-25,303,303.9,287.6,300.3
1999-11-01,299.7,299.7,288,291
1999-11-08,291,300.4,288.1,292.1
1999-11-15,292.1,297.6,290.1,295.7
1999-11-22,295.4,300.4,294.8,299.4
1999-11-29,299.5,299.5,281.9,282.1
1999-12-06,282.5,288.5,276.2,281
1999-12-13,281,287.5,280.5,285.5
1999-12-20,285.4,291.9,284.1,288.5
1999-12-27,287.9,293.6,287.9,289.6
2000-01-03,289.5,289.5,280,282.9
2000-01-10,282.4,285.9,281.8,284.9
2000-01-17,286.1,291,285.9,289.7
2000-01-24,289.7,291.8,283,286
2000-01-31,286,318.5,284.9,313
2000-02-07,318,326.9,298.5,313.6
2000-02-14,313.6,313.6,299.7,307.3
2000-02-21,307.6,309.4,293.5,294.6
2000-02-28,294.5,296.5,289.2,290.3
2000-03-06,290.6,295.4,289.2,290
2000-03-13,290,292.9,283.6,285
2000-03-20,285,292,283.8,285.1
2000-03-27,285.4,285.4,274.8,281.4
2000-04-03,281.5,291.5,278.4,282.5
2000-04-10,281.8,288.5,281.5,284.6
2000-04-17,285.1,287.5,280.5,281.5
2000-04-24,281.5,282.9,274,274.7
2000-05-01,274.8,284,273.6,280.1
2000-05-08,279.8,280,276.1,276.9
2000-05-15,277.2,278,272.1,274.6
2000-05-22,274.3,277.5,269.5,272.2
2000-05-29,275.1,285.9,274.5,284.2
2000-06-05,283.8,294.5,283.2,286.4
2000-06-12,286.4,296.5,285.6,291.2
2000-06-19,291.5,291.5,284,284.8
2000-06-26,284.8,294.8,283.6,291.5
2000-07-03,289.7,289.7,282.6,284.6
2000-07-10,284.7,286.4,280.6,281.9
2000-07-17,281.7,284.8,278,280.6
2000-07-24,280.4,285.2,277.7,284.2
2000-07-31,283.2,285,277.8,278.6
2000-08-07,279,280.5,276.5,280.3
2000-08-14,280.2,283.9,278.7,281.7
2000-08-21,281.5,281.7,275.3,278.6
2000-08-28,278.9,282.7,276.7,280.9
2000-09-04,281,281.3,275.1,276.8
2000-09-11,276.8,279.5,274.3,275.8
2000-09-18,276,279.2,271.7,275.1
2000-09-25,275.2,282.5,275.2,276.9
2000-10-02,277.3,277.6,271.6,272.1
2000-10-09,272,279.9,271.2,274.8
2000-10-16,274.6,276.1,271.4,273.3
2000-10-23,273.3,274,263.5,265.9
2000-10-30,266,268.2,264.6,266.1
2000-11-06,266.1,268,264.5,265.5
2000-11-13,265.5,269.2,264.9,266.2
2000-11-20,266.5,267.7,265.9,266.7
2000-11-27,266.6,275.4,266,271.9
2000-12-04,272.5,278.5,272.3,275.1
2000-12-11,275,275.5,270.3,272.9
2000-12-18,272.9,276.7,271,275.5
2000-12-25,275.7,277.5,272.3,273.6
2001-01-01,273.8,275,267.5,269
2001-01-08,269.2,270.3,263.9,264.6
2001-01-15,264.6,266.8,263,264.9
2001-01-22,265.5,269.1,262,262.9
2001-01-29,262.9,270.9,262.2,269.3
2001-02-05,269.2,269.4,262,262
2001-02-12,262.7,263.2,255.1,259.8
2001-02-19,260.5,262.7,257.2,262.1
2001-02-26,262.1,269.7,261.3,263.1
2001-03-05,266,271.7,260.1,271.5
2001-03-12,271.7,274.7,258.4,258.4
2001-03-19,258.4,263.5,258.4,261.7
2001-03-26,261.8,262.7,258.5,259.2
2001-04-02,259.1,261.5,255.8,260.9
2001-04-09,260.9,261.9,257.2,260.9
2001-04-16,260.6,266.8,260.2,265.4
2001-04-23,265.4,267.5,262.2,264.3
2001-04-30,264.3,268,263.5,266.5
2001-05-07,266.5,271.1,265,268.3
2001-05-14,268.3,288.5,266.6,287.8
2001-05-21,287.4,298.6,275.5,278.2
2001-05-28,278.1,278.3,266,268
2001-06-04,267.9,275.5,265.5,274.5
2001-06-11,275,277.9,267.5,272.3
2001-06-18,271.6,276.7,271.6,273.3
2001-06-25,273.2,279.8,268.4,271.3
2001-07-02,271.5,271.5,264.8,266.6
2001-07-09,267.1,270.2,265.9,267.6
2001-07-16,267.6,272.1,267,270.2
2001-07-23,270.4,270.4,265.4,267.4
2001-07-30,270.6,271.4,267.3,270.8
2001-08-06,270.8,279.8,268.4,276.8
2001-08-13,275.8,283.8,275.8,282
2001-08-20,282,282,274.3,274.9
2001-08-27,274.9,278.4,272.6,276.5
2001-09-03,276.1,276.6,273.2,275.1
2001-09-10,273.7,300,273.1,292.3
2001-09-17,291,296,287,292.9
2001-09-24,293,295.5,288,294
2001-10-01,293.7,294.1,290.1,292.5
2001-10-08,293.8,295.9,281.3,285.7
2001-10-15,285.3,286.8,278.8,280.7
2001-10-22,280.9,280.9,275.5,278.3
2001-10-29,278.4,282.4,278.1,280.8
2001-11-05,280,281.9,276.8,277.7
2001-11-12,277.7,282.5,273.8,274.9
2001-11-19,274.9,274.9,271.9,273.1
2001-11-26,272.6,276.6,272.2,274.9
2001-12-03,275.2,278.7,274,274.7
2001-12-10,274.7,279.2,271.7,278.6
2001-12-17,278.4,281.4,275.6,278.3
2001-12-24,278.8,280.8,276.3,276.8
2001-12-31,276.9,280.4,276.5,279.2
2002-01-07,279.5,289.6,278,287.7
2002-01-14,287.6,289.9,282.8,283.4
2002-01-21,282.5,283.9,277.5,279.1
2002-01-28,279,287.9,277.2,286.8
2002-02-04,287,309.4,286,304.4
2002-02-11,303.5,304.4,296,298.9
2002-02-18,298.5,299.5,290.5,293.5
2002-02-25,292.7,300,291.1,298.4
2002-03-04,298.3,300.5,288.3,290.3
2002-03-11,289.9,295.1,289.3,290.1
2002-03-18,292.5,297.8,291.6,297.6
2002-03-25,298,305.8,295.8,303.7
2002-04-01,304,308,299,301
2002-04-08,300.7,304.2,298,302.9
2002-04-15,302.9,307,298.3,303
2002-04-22,302.8,312.5,302.5,312.1
2002-04-29,311.8,313.8,307.1,312.5
2002-05-06,312.3,314.5,308.3,311.3
2002-05-13,311.5,312.4,306.5,310.9
2002-05-20,310.9,323.3,310.4,320.7
2002-05-27,320.2,330.2,319.8,327.5
2002-06-03,327.5,329.5,321.1,325.4
2002-06-10,324.5,325.1,316.6,319.8
2002-06-17,319.6,325.8,317.2,325.1
2002-06-24,325.4,327.7,310.5,313.9
2002-07-01,314.5,315.5,310.5,311.3
2002-07-08,310.5,318.3,309,315.9
2002-07-15,316,326,315.7,323.9
2002-07-22,324,326.1,300.5,303.3
2002-07-29,303.2,309.8,300.3,309
2002-08-05,309.1,317.2,306.5,316
2002-08-12,315.5,319.7,312.5,315.4
2002-08-19,315.4,315.4,305.6,308.3
2002-08-26,308.3,316,307.7,313.9
2002-09-02,313.8,322.9,312.6,321.5
2002-09-09,321.5,325.5,316,318.1
2002-09-16,317.8,325.3,314.7,323.2
2002-09-23,323.5,329.3,319.8,321.1
2002-09-30,321.7,326.2,320,323.3
2002-10-07,323.4,324.3,316.6,317.2
2002-10-14,317.2,319.3,310.1,313.3
2002-10-21,313.4,314.8,309.1,313.9
2002-10-28,313.8,322,313.5,319.2
2002-11-04,319.2,323.5,317.1,321.7
2002-11-11,321.7,325.4,317,320.9
2002-11-18,320.6,322,316.5,320.9
2002-11-25,320.3,321.2,316.7,316.8
2002-12-02,319.1,330,316.6,327.1
2002-12-09,327,336.7,323.1,333.8
2002-12-16,333.6,355.7,333.1,341
2002-12-23,340.1,352,340.1,349.7
2002-12-30,350,353.5,341.7,351.6
2003-01-06,351.6,357.5,345,354.9
2003-01-13,354.4,359,348.7,356.8
2003-01-20,356.1,370.2,353.4,368.4
2003-01-27,368,373.7,363.5,369.1
2003-02-03,368.9,390.8,367.6,370.5
2003-02-10,370.4,373.7,348.5,352.2
2003-02-17,348.1,355,342.4,351.8
2003-02-24,351.9,360.6,345.3,350.3
2003-03-03,349.8,358.8,345.2,350.9
2003-03-10,353.7,355.5,332,336.6
2003-03-17,338.4,345.3,325.8,326.1
2003-03-24,327.7,334.5,326.3,332.4
2003-03-31,333.4,339.4,323.6,326
2003-04-07,320.8,329,319.8,328.5
2003-04-14,326.1,328.7,322.6,327.6
2003-04-21,327.6,336.8,327.6,333.7
2003-04-28,333.7,344,329.5,341.3
2003-05-05,341.8,350,339.6,348.9
2003-05-12,349.4,357.4,348.5,354.9
2003-05-19,358,373.5,356.8,368.8
2003-05-26,370.7,374.9,358.6,365.6
2003-06-02,364,370.5,361.2,364.5
2003-06-09,364.7,366.8,351.5,357.2
2003-06-16,358,365.7,355.5,356.7
2003-06-23,357.7,358.3,343.3,345.5
2003-06-30,345.5,353.8,344.5,351.3
2003-07-07,348.8,352.6,342.1,345.1
2003-07-14,345.2,349.4,340.6,347.3
2003-07-21,347,364.5,346.8,362.8
2003-07-28,362.6,367.7,346,347.8
2003-08-04,348.7,359,348,357.9
2003-08-11,357.7,368.8,357.2,364.7
2003-08-18,364.7,368.2,357.3,364.3
2003-08-25,364.4,379,360.3,376.8
2003-09-01,376.8,380.9,370.7,378.7
2003-09-08,378.7,384.8,374.7,376.9
2003-09-15,376.6,384.5,372.5,382.9
2003-09-22,384,394.8,380.1,381.8
2003-09-29,381.6,389.4,367,370
2003-10-06,371.8,378.5,368.6,374.1
2003-10-13,374.4,377.4,366.5,372.2
2003-10-20,372.9,393,370.4,389.2
2003-10-27,388.6,392,380.3,384.6
2003-11-03,384.7,385.7,376.5,383.4
2003-11-10,383.6,399.4,383.1,398
2003-11-17,399.5,400.7,386,396
2003-11-24,396.2,402,389.5,396.8
2003-12-01,398.9,407.5,397.8,407.3
2003-12-08,407.3,413.3,403.3,410.1
2003-12-15,405,414.6,402.1,409.9
2003-12-22,409.3,413.5,409,412.8
2003-12-29,413.2,418.4,412.8,416.1
2004-01-05,416.8,431.5,416.6,426.8
2004-01-12,427.3,429.7,405.7,407
2004-01-19,407,413.6,405.8,408
2004-01-26,407.6,415,397.5,402.9
2004-02-02,403.1,410.2,395,404.2
2004-02-09,403.4,418,403,410.8
2004-02-16,414.5,417,394.5,398
2004-02-23,399.5,405,391,396.8
2004-03-01,397.5,403.5,388.2,401.6
2004-03-08,401.2,406.4,395.1,395.6
2004-03-15,396,414.4,396,412.7
2004-03-22,412.3,424,411.5,422.2
2004-03-29,421.9,433,416.6,422.5
2004-04-05,423,425.1,414.5,420.7
2004-04-12,421.5,423.1,396.2,401.6
2004-04-19,402.3,406.5,390.2,395.7
2004-04-26,395.5,400,377,387.5
2004-05-03,388.9,395.3,377.7,379.1
2004-05-10,379.1,384.5,371.3,377.1
2004-05-17,378.1,387.3,375.5,384.9
2004-05-24,385.3,398,383.2,394.9
2004-05-31,396,399.8,385.5,391.7
2004-06-07,392.2,396.1,383.2,386.6
2004-06-14,383.5,396.9,382.5,395.7
2004-06-21,395.7,404,393.2,403.2
2004-06-28,403.2,405.6,391,398.7
2004-07-05,398.5,409.6,389,407.9
2004-07-12,408.2,409.4,400.8,406.8
2004-07-19,406.8,408.4,387.4,390.5
2004-07-26,390.8,394.9,385.5,393.7
2004-08-02,395,404,391.2,402.1
2004-08-09,402,403.4,394.6,401.2
2004-08-16,401.9,416.8,400.6,415.5
2004-08-23,414.8,414.9,403.3,405.4
2004-08-30,406.8,413.3,401,402.5
2004-09-06,403.8,404.9,396.9,403.8
2004-09-13,403.5,409,400.9,407.6
2004-09-20,407.6,414,405.3,409.7
2004-09-27,409.2,423,408.8,421.2
2004-10-04,420.9,426,413.3,424.5
2004-10-11,424,424.9,410.5,420.1
2004-10-18,420.1,427.5,416.1,425.6
2004-10-25,426.6,432,421.7,429.4
2004-11-01,430.5,434.9,418,434.3
2004-11-08,435,439.5,431.9,438.3
2004-11-15,439,448.5,436.2,447
2004-11-22,446.4,449.9,446.1,449.3
2004-11-29,452.8,458.7,448.7,457.8
2004-12-06,457.4,458.3,432.9,435.3
2004-12-13,436.2,444.4,435.7,442.9
2004-12-20,443,445.6,440.1,442.9
2004-12-27,443.4,446.7,434.4,438.4
2005-01-03,438.9,438.9,417.2,419.5
2005-01-10,419.9,428.3,418.4,423.3
2005-01-17,422,428.5,420.3,426.9
2005-01-24,426.7,429.7,421,428.1
2005-01-31,428.3,428.9,415.5,415.9
2005-02-07,415.9,423.4,411.5,422
2005-02-14,422,429.8,422,428.4
2005-02-21,428.3,438.2,427.4,436.1
2005-02-28,435.9,439.3,429.8,435.1
2005-03-07,435.6,448,433.3,446.8
2005-03-14,446.7,446.7,436.1,439.7
2005-03-21,440,440.3,424.3,424.8
2005-03-28,425.3,431.4,423.4,428.3
2005-04-04,428.2,430.5,424.7,428.8
2005-04-11,428.8,432.4,423.5,426.5
2005-04-18,426.3,437.4,424.7,435.6
2005-04-25,435.6,439.1,431.9,436.1
2005-05-02,435.7,436,424.5,426.9
2005-05-09,427,429.3,419.3,420.7
2005-05-16,421,423.3,416.8,417.7
2005-05-23,417.7,420,416.2,419.8
2005-05-30,421.5,427,415.8,425.8
2005-06-06,424.6,430.5,423,429.3
2005-06-13,428.8,441.3,426.3,440
2005-06-20,439.2,445.4,435.9,442
2005-06-27,441,442,428,428.8
2005-07-04,428.4,430.1,422.3,423.8
2005-07-11,424.5,428.5,418.2,421.3
2005-07-18,421.7,426.9,418.9,425
2005-07-25,425,436.5,421.8,435.8
2005-08-01,435.4,445,434.7,442.8
2005-08-08,442.7,455.3,438.4,451.4
2005-08-15,451.5,452.1,441,442.2
2005-08-22,441.4,445.7,440.5,442.1
2005-08-29,442.8,451.4,433.5,448.5
2005-09-05,449.4,453.9,447,453
2005-09-12,453.7,464,448.3,463.3
2005-09-19,463,479,462,467.2
2005-09-26,466.4,477.8,461.2,472.3
2005-10-03,471.5,479.1,465.9,477.7
2005-10-10,477.9,483.1,468.3,471.8
2005-10-17,471.6,478,462,469.1
2005-10-24,468.4,477.8,465.2,474.8
2005-10-31,474.7,475.6,456.1,457.9
2005-11-07,458,470.9,457.2,469.4
2005-11-14,469.6,489.6,467.2,486.2
2005-11-21,485.2,495.9,485,492.3
2005-11-28,496.4,510.8,493.2,507
2005-12-05,507.9,534.3,506.8,530.2
2005-12-12,530.5,544.5,496.2,505.9
2005-12-19,505.7,512.1,492.2,505.2
2005-12-26,506.8,520.4,505.3,519.7
2006-01-02,519.9,541.8,517.6,541.2
2006-01-09,541.8,558.5,536.5,557
2006-01-16,561,568.5,540.5,554
2006-01-23,554,566.9,549.3,558.8
2006-01-30,563.7,579.5,562.5,571.6
2006-02-06,573.5,578,548.5,553.5
2006-02-13,553.5,557,537.8,554.6
2006-02-20,557.7,562,549.6,561.2
2006-02-27,561,572.5,554.8,568
2006-03-06,567.5,570.2,534.5,541.3
2006-03-13,542.2,558.6,541.4,555.1
2006-03-20,555.2,561.4,545.1,560.5
2006-03-27,560.4,594.6,558.9,586.7
2006-04-03,587.8,603.1,586.3,592.7
2006-04-10,593.5,608.4,592.6,600.1
2006-04-17,603,649,600.3,635.5
2006-04-24,642.3,658.2,621,654.5
2006-05-01,656.8,687,653,684.3
2006-05-08,684.4,732,673,711.8
2006-05-15,715.7,721.5,651,657
2006-05-22,658,675,636.5,651
2006-05-29,659.9,671.5,624,641
2006-06-05,642.1,650.9,608,612.8
2006-06-12,610.4,616.4,546.4,581.7
2006-06-19,583.7,598.3,564.3,588
2006-06-26,587.4,618,579.1,616
2006-07-03,627,639.5,619.5,634.8
2006-07-10,631.9,669,621.8,668
2006-07-17,668.3,677.5,616,620.2
2006-07-24,620.9,649.9,602.5,647.8
2006-07-31,647.2,668.2,640.5,656
2006-08-07,655.8,666.5,636.5,644.4
2006-08-14,643.6,643.6,616.5,621.7
2006-08-21,624.5,639.8,621.6,630.8
2006-08-28,631.9,635,615.5,632.6
2006-09-04,635.5,648.7,612,617.3
2006-09-11,617.7,619,576.5,583
2006-09-18,586,598.2,578.3,595.4
2006-09-25,595.5,612.4,587.5,604.2
2006-10-02,606.2,609.5,563,576.8
2006-10-09,580,594.5,572.5,592.7
2006-10-16,595.5,606,588.5,596.4
2006-10-23,588.5,603,576,601
2006-10-30,602.6,631.4,600.5,629.2
2006-11-06,628.7,638,614.5,630.1
2006-11-13,628.7,633.9,614.5,622.5
2006-11-20,622.8,641.8,620.5,629
2006-11-27,629.9,655.8,629.5,650.6
2006-12-04,651.2,654.2,628.2,631
2006-12-11,629.5,635.5,617.5,619.1
2006-12-18,619.1,627.9,615,622.3
2006-12-25,625,639.1,624.7,638
2007-01-01,639.2,647.3,603,606.9
2007-01-08,609.3,628.8,605,626.9
2007-01-15,626.9,637.4,620.6,636.4
2007-01-22,635.8,654.8,632,644.7
2007-01-29,645.7,667.2,640.8,651.5
2007-02-05,653.1,673.9,651.2,672.3
2007-02-12,673.4,676.6,664.1,672.8
2007-02-19,673.2,691.9,659,686.7
2007-02-26,684.6,692.5,641.3,644.1
2007-03-05,645.6,659.8,634.5,652
2007-03-12,650.9,656.5,637.6,653.9
2007-03-19,653.9,667.6,652.5,657.3
2007-03-26,657.5,673.8,657.1,669
2007-04-02,671.1,681.1,661.7,679.4
2007-04-09,677.8,690.5,675.5,689.9
2007-04-16,690.6,698,682.5,695.8
2007-04-23,696.2,697.7,673.8,681.8
2007-04-30,684.2,693.2,670,689.7
2007-05-07,691,693.3,665.9,672.3
2007-05-14,673,676.4,654.1,662
2007-05-21,662.5,665.9,651.5,655.3
2007-05-28,655.2,677.5,654.5,676.9
2007-06-04,676.9,679.5,647.8,650.3
2007-06-11,653.3,659.5,647,658.7
2007-06-18,658.7,665.8,650.5,657
2007-06-25,657.4,657.7,641.1,650.9
2007-07-02,651.6,661.3,646.7,654.8
2007-07-09,657.6,671,655.3,667.3
2007-07-16,667.3,687.6,663,684.7
2007-07-23,684.7,688.4,652.8,660.1
2007-07-30,673,687.1,670.6,684.4
2007-08-06,684.2,688.1,668.8,681.6
2007-08-13,682.7,683.7,651.6,666.8
2007-08-20,667,679,662.3,677.5
2007-08-27,677.5,683.9,670.2,681.9
2007-09-03,681.9,716.6,680.1,709.7
2007-09-10,709.5,726.5,708,717.8
2007-09-17,715.8,747.1,714.8,738.9
2007-09-24,738.6,752.8,729.2,750
2007-10-01,750.6,755.7,726.3,747.2
2007-10-08,747.5,759.3,732.2,753.8
2007-10-15,754,776.9,752.7,768.4
2007-10-22,770.9,789.5,749,787.5
2007-10-29,792.5,811,780,808.5
2007-11-05,810.6,848,803.5,834.7
2007-11-12,831.5,833.6,783,787
2007-11-19,788.3,826.1,773.4,824.7
2007-11-26,823.5,837.2,785,789.1
2007-12-03,789.4,813,783,800.2
2007-12-10,806.5,822.8,792.3,798
2007-12-17,798.8,816.7,789.6,815.4
2007-12-24,815.5,844.6,811.6,842.7
2007-12-31,843.2,872.9,833,865.7
2008-01-07,862.8,900.1,857.8,897.7
2008-01-14,899.4,916.1,870.6,881.7
2008-01-21,882,924.3,849.5,910.7
2008-01-28,912.5,942.2,908,913.5
2008-02-04,910.5,927.3,888.4,922.3
2008-02-11,924.1,931,899.5,906.1
2008-02-18,905.1,958.4,903.2,947.8
2008-02-25,948,978.5,928.9,975
2008-03-03,975.6,995.2,958.3,974.2
2008-03-10,975.3,1009,961.9,999.5
2008-03-17,1004.5,1033.9,904.7,920
2008-03-24,918.3,956.3,906.2,936.5
2008-03-31,936.4,945.7,876.3,913.2
2008-04-07,917,943.4,906.6,927
2008-04-14,924.2,956.2,907.3,915.2
2008-04-21,920.1,931.9,880,889.7
2008-04-28,890,898.1,846.4,858
2008-05-05,859.2,890.8,858.7,885.8
2008-05-12,884.3,905.6,860,899.9
2008-05-19,903.2,935.4,900.8,925.8
2008-05-26,924.8,930.6,873,891.5
2008-06-02,891.3,905.6,867.7,899
2008-06-09,906.1,912.5,859.6,873.1
2008-06-16,872.6,911,868.7,903.7
2008-06-23,903.7,933,875.2,931.3
2008-06-30,930.9,950,920.2,935.7
2008-07-07,934.9,969.1,913,960.6
2008-07-14,966.8,989.6,950.2,958
2008-07-21,957.3,977,915.9,926.8
2008-07-28,929,934.5,902.7,917.5
2008-08-04,919,924.1,857.5,864.8
2008-08-11,863.4,872.7,777.7,792.1
2008-08-18,795.5,845,787.5,833.5
2008-08-25,831.1,849.7,812,835.2
2008-09-01,842.2,842.8,793.7,802.8
2008-09-08,815.6,822.9,739.8,764.5
2008-09-15,773.2,926,767.4,864.7
2008-09-22,874.6,920.1,866.2,888.5
2008-09-29,878,932,822.5,833.2
2008-10-06,836,936.3,828.4,859
2008-10-13,855.8,875,772.2,787.7
2008-10-20,784.6,811.8,681,730.3
2008-10-27,735.1,778.3,707,718.2
2008-11-03,727,770,721.8,734.2
2008-11-10,739.8,768.9,698.2,742.5
2008-11-17,740,802.8,729.6,791.8
2008-11-24,802,833.5,786.2,819
2008-12-01,819,820,741.2,752.2
2008-12-08,755.2,835.3,754.1,820.5
2008-12-15,825,883.6,821,837.4
2008-12-22,839.4,874,829.8,871.2
2008-12-29,873,892,857.3,879.5
2009-01-05,880.7,885.5,836,855
2009-01-12,856.1,857.5,801.5,839.9
2009-01-20,844.1,903.8,823.6,895.8
2009-01-26,898.9,931.3,875.7,928.4
2009-02-02,924.6,929,890.3,914.3
2009-02-09,913.4,954,891.9,942.2
2009-02-17,942.8,1007.7,937.3,1002.2
2009-02-23,994.3,999.6,927,942.5
2009-03-02,940.3,959.5,900.4,942.7
2009-03-09,941.2,942.8,891.1,930.1
2009-03-16,928.3,967.8,882.7,956.2
2009-03-23,950.5,958.1,916,923.2
2009-03-30,926,935.8,892.5,897.3
2009-04-06,898,899.5,865,883.3
2009-04-13,882.9,902.1,865.6,867.9
2009-04-20,870.2,915.4,865.6,914.1
2009-04-27,915,919.7,880.1,888.2
2009-05-04,887.5,926.5,885.6,914.9
2009-05-11,917,934.8,908.8,931.3
2009-05-18,930.5,963.1,915.2,958.9
2009-05-26,957.6,982,936.6,980.3
2009-06-01,981,992.1,953.8,962.6
2009-06-08,956.3,966.7,936.2,940.7
2009-06-15,940.3,944,926.5,936.2
2009-06-22,935.1,949,913.2,941
2009-06-29,940.7,947,922.7,931
2009-07-06,932,932.4,904.8,912.5
2009-07-13,912.3,942.3,907.4,937.5
2009-07-20,938.5,957.5,937,953.1
2009-07-27,951.4,960,925.2,955.8
2009-08-03,954.5,974.3,953.1,959.5
2009-08-10,956.6,963.1,942.1,948.7
2009-08-17,949.2,959.9,931.3,954.7
2009-08-24,954.8,964.6,935.7,958.8
2009-08-31,957.4,999.5,944.3,996.7
2009-09-08,996.9,1013.7,983.2,1006.4
2009-09-14,1007.7,1025.8,993,1010.3
2009-09-21,1006.8,1021.5,985.5,991.6
2009-09-28,993.1,1011.1,986.1,1004.3
2009-10-05,1004,1062.7,1001.6,1048.6
2009-10-12,1050,1072,1043.7,1051.5
2009-10-19,1053.5,1069,1048.1,1056.4
2009-10-26,1055.5,1060.8,1026.9,1040.4
2009-11-02,1043.4,1101.9,1042.2,1095.7
2009-11-09,1098,1123.4,1096,1116.7
2009-11-16,1119.6,1153.4,1119.5,1146.8
2009-11-23,1152,1196.8,1135.8,1175.5
2009-11-30,1182,1227.5,1147.4,1169.5
2009-12-07,1160.3,1170.2,1110.2,1119.9
2009-12-14,1114.6,1142.9,1095.7,1111.5
2009-12-21,1111.9,1120.8,1075.2,1104.8
2009-12-28,1108,1114.5,1086.6,1096.2
2010-01-04,1099,1141,1093.8,1138.9
2010-01-11,1139,1163,1118.5,1130.5
2010-01-19,1130.7,1141.7,1081.9,1089.7
2010-01-25,1093.5,1104,1074.4,1083.8
2010-02-01,1081.9,1126.4,1044.5,1052.8
2010-02-08,1068.3,1098.4,1061.8,1090
2010-02-16,1093.7,1128.7,1092,1122.1
2010-02-22,1122.1,1131.5,1088.5,1118.9
2010-03-01,1119,1145.8,1112.1,1135.2
2010-03-08,1136,1138,1097.3,1101.7
2010-03-15,1101.7,1133.9,1101,1107.6
2010-03-22,1108,1109.8,1084.8,1104.3
2010-03-29,1110.4,1129.1,1102.4,1126.1
2010-04-05,1122,1165.8,1120.8,1161.9
2010-04-12,1166.3,1170.7,1130,1136.9
2010-04-19,1137,1158.5,1124.3,1153.7
2010-04-26,1158.5,1182.5,1146.6,1180.7
2010-05-03,1181,1214.9,1156.2,1210.4
2010-05-10,1207,1249.7,1184.4,1227.8
2010-05-17,1232,1242.8,1166,1176.1
2010-05-24,1178.1,1220.6,1176.8,1215
2010-06-01,1216.7,1230.6,1198.1,1217.7
2010-06-07,1221.1,1254.5,1212.1,1230.2
2010-06-14,1229.3,1263.7,1217.5,1258.3
2010-06-21,1261.2,1266.5,1225.2,1256.2
2010-06-28,1255.8,1263.7,1196,1207.7
2010-07-06,1212.2,1215.1,1185,1209.8
2010-07-12,1212.3,1218.8,1185.8,1188.2
2010-07-19,1193.7,1203.9,1175.1,1187.8
2010-07-26,1188,1194.8,1155.6,1183.9
2010-08-02,1183.8,1213.3,1176.7,1205.3
2010-08-09,1206.3,1219.8,1192.5,1216.6
2010-08-16,1216.5,1239.5,1216.2,1228.8
2010-08-23,1229.2,1246,1211.7,1237.9
2010-08-30,1238.9,1256.6,1233.5,1251.1
2010-09-07,1250.3,1264.7,1237.9,1246.5
2010-09-13,1247.3,1284.4,1242.3,1277.5
2010-09-20,1277.7,1301.6,1272,1298.1
2010-09-27,1299.2,1322,1276.2,1317.8
2010-10-04,1319.7,1366,1313.3,1345.3
2010-10-11,1348.9,1388.1,1341.1,1372
2010-10-18,1371,1375.6,1315.6,1325.1
2010-10-25,1329.3,1359.8,1318.6,1357.6
2010-11-01,1359.7,1398.7,1325.5,1397.7
2010-11-08,1397,1424.3,1359.3,1365.5
2010-11-15,1371,1376.6,1329,1352.3
2010-11-22,1357,1382.9,1347.9,1362.4
2010-11-29,1365,1417,1354.5,1406.2
2010-12-06,1415.1,1432.5,1372.1,1384.9
2010-12-13,1385,1408.9,1361.6,1379.2
2010-12-20,1378.9,1393,1372.6,1380.5
2010-12-27,1378.9,1422,1372.7,1421.4
2011-01-03,1420.4,1424.4,1352.7,1368.9
2011-01-10,1369.8,1392.9,1354.6,1360.5
2011-01-18,1361.2,1378.9,1337,1341
2011-01-24,1343,1352.4,1309.1,1341.7
2011-01-31,1338.8,1361,1323.6,1349
2011-02-07,1348.1,1369.7,1344.1,1360.4
2011-02-14,1358.2,1392.6,1354.4,1388.6
2011-02-22,1390.1,1418.8,1390.1,1409.3
2011-02-28,1411.2,1441,1405.2,1428.6
2011-03-07,1435,1445.7,1403,1421.8
2011-03-14,1421.9,1433.5,1380.7,1416.1
2011-03-21,1424.2,1448.6,1419.5,1426.2
2011-03-28,1428.5,1441,1410.1,1428.9
2011-04-04,1430,1476.4,1429.1,1474.1
2011-04-11,1476.3,1489.1,1445,1486
2011-04-18,1488,1509.6,1477.8,1503.8
2011-04-25,1510.7,1569.8,1492,1556.4
2011-05-02,1566.8,1577.4,1462.5,1491.6
2011-05-09,1496.6,1526.8,1477.6,1493.6
2011-05-16,1494.6,1515.8,1471.1,1508.9
2011-05-23,1512.8,1539.5,1503.7,1537.3
2011-05-31,1538.1,1551.6,1520.4,1542.4
2011-06-06,1544.5,1555,1526.7,1529.2
2011-06-13,1530.7,1543,1511.4,1539.1
2011-06-20,1541.3,1559.3,1498.5,1500.9
2011-06-27,1500.9,1514.8,1478.3,1482.6
2011-07-05,1486.8,1546,1486.2,1541.6
2011-07-11,1545,1594.9,1541.1,1590.1
2011-07-18,1594.3,1610.7,1581.1,1601.5
2011-07-25,1607.9,1637.5,1603.8,1631.2
2011-08-01,1622.2,1684.9,1608.2,1651.8
2011-08-08,1681.7,1817.6,1681.7,1742.6
2011-08-15,1747.1,1881.4,1730.8,1852.2
2011-08-22,1862.9,1917.9,1705.4,1797.3
2011-08-29,1840,1887.4,1778.1,1876.9
2011-09-06,1879.9,1923.7,1793.8,1859.5
2011-09-12,1862.2,1865.2,1765.4,1814.7
2011-09-19,1820,1832.9,1631.7,1639.8
2011-09-26,1660,1679.2,1535,1622.3
2011-10-03,1625.1,1681.5,1596.6,1635.8
2011-10-10,1640.5,1693.9,1639.9,1683
2011-10-17,1683.8,1696.8,1604.7,1636.1
2011-10-24,1643,1754,1636.6,1747.2
2011-10-31,1743.1,1769.5,1681.2,1756.1
2011-11-07,1756.1,1804.4,1736.6,1788.1
2011-11-14,1789.4,1797.6,1711,1725.1
2011-11-21,1725.1,1727.4,1667.1,1685.7
2011-11-28,1685.4,1767.1,1684,1751.3
2011-12-05,1751,1760.5,1704.9,1716.8
2011-12-12,1716.8,1718.6,1562.5,1597.9
2011-12-19,1603.5,1643.7,1585.5,1606
2011-12-27,1609.2,1609.2,1523.9,1566.8
2012-01-03,1571,1632.3,1566.8,1616.8
2012-01-09,1617.7,1662.9,1605.7,1630.8
2012-01-17,1635.8,1670.6,1631.9,1664
2012-01-23,1665.2,1739.8,1649.2,1732.2
2012-01-30,1739.6,1765.9,1718.8,1740.3
2012-02-06,1731,1755.5,1706.4,1725.3
2012-02-13,1727.4,1739.2,1706.7,1725.9
2012-02-21,1728.4,1789.5,1727,1776.4
2012-02-27,1776.8,1792.7,1688.4,1709.8
2012-03-05,1712.4,1718,1663.4,1711.5
2012-03-12,1715,1717.4,1634.7,1655.8
2012-03-19,1659,1670.1,1627.5,1662.4
2012-03-26,1662.2,1696.9,1646.7,1671.9
2012-04-02,1671.5,1685.4,1613,1630.1
2012-04-09,1641,1681.3,1632.5,1660.2
2012-04-16,1658.7,1659.6,1631.2,1642.8
2012-04-23,1642.8,1668.4,1623.6,1664.8
2012-04-30,1663,1672.3,1626.8,1645.2
2012-05-07,1643.3,1644,1572,1584
2012-05-14,1585.5,1597.5,1526.7,1591.9
2012-05-21,1590.2,1599,1532.8,1568.9
2012-05-29,1573.6,1632,1532.1,1622.1
2012-06-04,1626.8,1642.4,1556.4,1591.4
2012-06-11,1602.8,1635.4,1582.7,1628.1
2012-06-18,1630,1634.3,1558.6,1566.9
2012-06-25,1572.6,1607.8,1547.6,1604.2
2012-07-02,1599.6,1625.7,1576.4,1578.9
2012-07-09,1582.4,1602,1554.4,1592
2012-07-16,1591.5,1598.8,1567.2,1582.8
2012-07-23,1581.6,1628.6,1562,1618
2012-07-30,1627.5,1631.6,1586.3,1609.3
2012-08-06,1607.7,1629.7,1605.3,1622.8
2012-08-13,1624.7,1628.2,1592.1,1619.4
2012-08-20,1618.5,1677.5,1611.8,1672.9
2012-08-27,1673.2,1695.5,1647.1,1687.6
2012-09-04,1693.4,1745.4,1687.6,1740.5
2012-09-10,1738,1780.2,1720,1772.7
2012-09-17,1773.5,1790,1753.2,1778
2012-09-24,1774.7,1785.9,1738.3,1773.9
2012-10-01,1773.7,1798.1,1765.7,1780.8
2012-10-08,1782,1782.5,1753.5,1759.7
2012-10-15,1755.2,1755.5,1716,1724
2012-10-22,1722.7,1731.2,1698.7,1711.9
2012-10-29,1712.2,1727.5,1674.8,1675.2
2012-11-05,1676.7,1739.4,1672.5,1730.9
2012-11-12,1731.8,1738,1704.5,1714.7
2012-11-19,1714.4,1755,1713.4,1751.4
2012-11-26,1751.5,1752.3,1705.5,1712.7
2012-12-03,1715.5,1724.9,1684.1,1705.5
2012-12-10,1705.4,1725,1690.7,1697
2012-12-17,1698.4,1704.4,1636,1660.1
2012-12-24,1658,1668.7,1650.6,1655.9
2012-12-31,1655.9,1695.4,1626,1648.9
2013-01-07,1656.3,1678.8,1642.6,1660.6
2013-01-14,1659.5,1697.8,1659.5,1687
2013-01-22,1686.5,1695.9,1655,1656.6
2013-01-28,1657.9,1685,1651,1670.6
2013-02-04,1669.1,1687,1661.8,1666.9
2013-02-11,1667.9,1670.3,1596.7,1609.5
2013-02-19,1610,1618.8,1554.3,1572.8
2013-02-25,1579.7,1619.7,1564,1572.3
2013-03-04,1578,1585.8,1560.4,1576.9
2013-03-11,1578.3,1598.8,1574.5,1592.6
2013-03-18,1597,1616.5,1589.6,1606.1
2013-03-25,1608.8,1612.8,1588.4,1595.7
2013-04-01,1598.1,1604.3,1539.4,1575.9
2013-04-08,1580.8,1590.1,1476,1501.4
2013-04-15,1481,1495,1321.5,1395.6
2013-04-22,1408.3,1484.8,1403.5,1453.6
2013-04-29,1466.2,1487.2,1439.7,1464.2
2013-05-06,1470,1478.4,1418.5,1436.6
2013-05-13,1447.7,1448.3,1353.6,1364.7
2013-05-20,1361.3,1413.3,1336.3,1386.6
2013-05-28,1386.3,1421.6,1372.1,1393
2013-06-03,1388.8,1423.3,1377.1,1383
2013-06-10,1383,1394.4,1364.5,1387.6
2013-06-17,1390.1,1391.4,1268.7,1292
2013-06-24,1296.3,1300.7,1179.4,1223.7
2013-07-01,1232.9,1267,1206.9,1212.7
2013-07-08,1221.1,1297.2,1214.4,1277.6
2013-07-15,1283.9,1299.7,1269.3,1292.9
2013-07-22,1296.2,1348.7,1295.4,1321.5
2013-07-29,1333.6,1339.7,1282.4,1310.5
2013-08-05,1312.2,1320.3,1271.8,1312.2
2013-08-12,1313.5,1379.2,1313.5,1371
2013-08-19,1377.1,1399.9,1351.6,1395.8
2013-08-26,1399,1434,1388.4,1396.1
2013-09-03,1394,1416.4,1358.8,1386.5
2013-09-09,1391.1,1395,1304.6,1308.6
2013-09-16,1333.5,1375.4,1291.5,1332.5
2013-09-23,1327,1345.2,1305.5,1339.2
2013-09-30,1343.5,1353.8,1276.9,1309.9
2013-10-07,1312.3,1330.8,1259.6,1268.2
2013-10-14,1275.5,1328.9,1251,1314.6
2013-10-21,1316,1356.4,1309.5,1352.5
2013-10-28,1352.7,1361.8,1305.6,1313.2
2013-11-04,1313,1326,1280.5,1284.6
2013-11-11,1288.3,1293.8,1260.5,1287.4
2013-11-18,1288.9,1289.2,1235.8,1244.1
2013-11-25,1241.6,1257.8,1225.7,1250.4
2013-12-02,1250.6,1251.5,1210.1,1229
2013-12-09,1229.9,1267.5,1219.5,1234.6
2013-12-16,1237.3,1251.7,1186,1203.7
2013-12-23,1202.5,1218.9,1191.8,1214
2013-12-30,1213.8,1239.6,1181.4,1238.6
2014-01-06,1237,1248.5,1212.6,1246.9
2014-01-13,1247.7,1255.3,1233.5,1251.9
2014-01-21,1252.5,1273.2,1230.8,1264.3
2014-01-27,1270.1,1279.8,1237.5,1239.8
2014-02-03,1242,1274.5,1240.4,1262.9
2014-02-10,1265.4,1321.5,1264.7,1318.6
2014-02-18,1318.6,1332.4,1307.1,1323.6
2014-02-24,1325.5,1345.6,1318.7,1321.6
2014-03-03,1332.4,1355,1326.6,1338.2
2014-03-10,1340.8,1388.4,1327.5,1379
2014-03-17,1383.1,1392.6,1320.8,1336
2014-03-24,1335,1335.7,1286.1,1294.3
2014-03-31,1295,1307.5,1277.4,1303.5
2014-04-07,1304,1324.9,1295.8,1319
2014-04-14,1321,1331.4,1284.4,1293.9
2014-04-21,1294.9,1305.2,1268.4,1300.8
2014-04-28,1303.2,1306.6,1272,1302.9
2014-05-05,1300.9,1315.8,1284.8,1287.6
2014-05-12,1289.8,1309.2,1277.7,1293.4
2014-05-19,1293,1305.7,1282.9,1291.7
2014-05-27,1293.6,1294.8,1242.2,1246
2014-06-02,1250.5,1258.2,1240.2,1252.5
2014-06-09,1253,1278.1,1250.1,1274.1
2014-06-16,1276.8,1322.5,1258,1316.6
2014-06-23,1314.9,1326.6,1305.4,1320
2014-06-30,1316.8,1334.9,1309.4,1320.6
2014-07-07,1321.4,1346.8,1312.1,1337.4
2014-07-14,1339.5,1340.9,1292.6,1309.4
2014-07-21,1311.3,1319,1287.5,1303.3
2014-07-28,1307.9,1312.1,1281,1294.8
2014-08-04,1295.4,1324.3,1283.3,1311
2014-08-11,1310.4,1321.8,1293,1306.2
2014-08-18,1304.2,1304.9,1273.4,1280.2
2014-08-25,1280.8,1297.6,1275,1287.4
2014-09-02,1288.5,1290.9,1258,1267.3
2014-09-08,1269.5,1272.6,1228.1,1231.5
2014-09-15,1228.3,1243.2,1214.2,1216.6
2014-09-22,1216.4,1237,1206.6,1215.4
2014-09-29,1219.1,1224,1190.3,1192.9
2014-10-06,1192,1234,1183.3,1221.7
2014-10-13,1224.8,1250.3,1222,1239
2014-10-20,1239.1,1255.6,1226.3,1231.8
2014-10-27,1230.6,1235.5,1160.5,1171.6
2014-11-03,1171.1,1179,1130.4,1169.8
2014-11-10,1176.8,1192.9,1145.5,1185.6
2014-11-17,1185.5,1207.6,1173.9,1197.7
2014-11-24,1199.9,1203.8,1163.9,1175.5
2014-12-01,1159.4,1221,1141.7,1190.4
2014-12-08,1191.2,1239,1187.3,1222.5
2014-12-15,1222,1225,1182,1196
2014-12-22,1196,1203.6,1170.7,1195.3
2014-12-29,1194.9,1210.9,1167.3,1186.2
2015-01-05,1187.8,1224,1177.8,1216.1
2015-01-12,1223,1282.4,1217.5,1276.9
2015-01-20,1280.7,1307.8,1272.1,1292.6
2015-01-26,1292.8,1299.2,1252.1,1279.2
2015-02-02,1283,1286.5,1228.2,1234.6
2015-02-09,1235.9,1245.9,1216.5,1227.1
2015-02-17,1227.5,1236.7,1197.2,1204.9
2015-02-23,1203.5,1219.9,1190,1213.1
2015-03-02,1213.8,1223,1162.9,1164.3
2015-03-09,1169.6,1174.4,1146.5,1152.4
2015-03-16,1157.9,1187.4,1141.6,1184.6
2015-03-23,1183.2,1219.5,1178.6,1199.8
2015-03-30,1198.6,1208.7,1178.2,1200.9
2015-04-06,1212.6,1224.5,1192.4,1204.6
2015-04-13,1207.2,1209.3,1183.5,1203.1
2015-04-20,1204.4,1209,1174.1,1175
2015-04-27,1179.3,1214.9,1168.4,1174.5
2015-05-04,1176.6,1199.3,1176.6,1188.9
2015-05-11,1189,1227.7,1178,1225.3
2015-05-18,1222.8,1232,1200.8,1204
2015-05-26,1205.2,1208.2,1180.2,1189.8
2015-06-01,1189.8,1204.7,1162.1,1168.1
2015-06-08,1170.8,1191.8,1168.5,1179.2
2015-06-15,1180,1205.7,1171.9,1201.9
2015-06-22,1199.7,1200.8,1167.1,1173.2
2015-06-29,1182.5,1187.6,1155.8,1163.5
2015-07-06,1173.2,1174.4,1145.9,1157.9
2015-07-13,1162.3,1163.9,1129.6,1131.9
2015-07-20,1132.4,1132.5,1072.3,1085.5
2015-07-27,1098.6,1104.4,1079.2,1095.1
2015-08-03,1095.1,1098.9,1080.2,1094.1
2015-08-10,1094,1126.3,1089,1112.7
2015-08-17,1113.5,1167.9,1108.5,1159.6
2015-08-24,1160.2,1169.8,1116.9,1134
2015-08-31,1132.7,1147.3,1115.7,1121.4
2015-09-08,1123,1126,1097.7,1103.3
2015-09-14,1107,1141.5,1101.5,1137.8
2015-09-21,1138.7,1156.4,1120.5,1145.6
2015-09-28,1145,1147.8,1103.8,1136.6
2015-10-05,1137,1159.3,1129.6,1155.9
2015-10-12,1155,1191.7,1151.3,1183.1
2015-10-19,1176.9,1181.4,1158.6,1162.8
2015-10-26,1163.8,1183.1,1138.4,1141.4
2015-11-02,1141.3,1142.7,1084.5,1087.7
2015-11-09,1089.1,1094.9,1073,1080.9
2015-11-16,1087.9,1097.4,1062,1076.3
2015-11-23,1076.4,1080.7,1051.6,1056.2
2015-11-30,1056,1088.3,1045.4,1084.1
2015-12-07,1085.5,1086.1,1061.7,1075.7
2015-12-14,1073,1077.9,1046.8,1065
2015-12-21,1065.2,1081.4,1063.1,1075.9
2015-12-28,1075.2,1076.5,1056.5,1060.2
2016-01-04,1061.5,1113.1,1061,1097.9
2016-01-11,1103.6,1108.3,1071.1,1090.7
2016-01-19,1089.3,1109.9,1082.1,1096.3
2016-01-25,1097.8,1128,1097.6,1116.4
2016-02-01,1118,1175,1115.3,1157.7
2016-02-08,1174,1263.9,1164.5,1239.4
2016-02-16,1236.3,1240.6,1191.5,1230.8
2016-02-22,1226.9,1254.3,1202.5,1220.4
2016-02-29,1223.1,1280.7,1216.3,1270.7
2016-03-07,1260.5,1287.8,1237.5,1259.4
2016-03-14,1250.9,1271.9,1226,1254.3
2016-03-21,1255.2,1260.9,1211.2,1221.6
2016-03-28,1216,1246.8,1206,1223.5
2016-04-04,1223,1245,1215.7,1243.8
2016-04-11,1241.8,1264.7,1225.4,1234.6
2016-04-18,1236.3,1272.4,1228.5,1230
2016-04-25,1234.5,1299,1231.3,1290.5
2016-05-02,1293.2,1306,1270.6,1294
2016-05-09,1286.7,1289.5,1258.3,1272.7
2016-05-16,1273.1,1290.4,1244.6,1252.9
2016-05-23,1251.7,1256.8,1209,1216.7
2016-05-31,1215.1,1247.4,1201.5,1242.9
2016-06-06,1245.5,1280.9,1236.9,1275.9
2016-06-13,1278.3,1318.9,1275.2,1294.8
2016-06-20,1293,1362.6,1252.8,1322.4
2016-06-27,1322.3,1347,1308.2,1339
2016-07-05,1345,1377.5,1336.3,1358.4
2016-07-11,1368.9,1376.5,1320.4,1327.4
2016-07-18,1333.4,1338.8,1310.7,1323.4
2016-07-25,1322.7,1362,1311.1,1357.5
2016-08-01,1357.2,1374.2,1340.4,1344.4
2016-08-08,1341.2,1363.6,1335.3,1343.2
2016-08-15,1343.6,1364.3,1340.5,1346.2
2016-08-22,1345,1348.8,1321,1325.9
2016-08-29,1323.8,1334,1305.5,1326.7
2016-09-06,1328.1,1357.6,1325.5,1334.5
2016-09-12,1332,1335.9,1309.2,1310.2
2016-09-19,1313.2,1347.8,1310.9,1341.7
2016-09-26,1340.8,1346.1,1316,1317.1
2016-10-03,1321,1322.6,1243.2,1251.9
2016-10-10,1258.5,1266.8,1246.9,1255.5
2016-10-17,1252.9,1275.9,1251.1,1267.7
2016-10-24,1266.9,1285.4,1260.1,1276.8
2016-10-31,1278.3,1309.3,1271.9,1304.5
2016-11-07,1294.5,1338.3,1218.7,1224.3
2016-11-14,1227.7,1233.1,1201.3,1208.7
2016-11-21,1207.3,1220.9,1170.3,1178.4
2016-11-28,1184.4,1197.7,1162.2,1177.8
2016-12-05,1182.6,1190.2,1157.6,1161.9
2016-12-12,1161.4,1168,1124.3,1137.4
2016-12-19,1136.1,1144.4,1127.3,1133.6
2016-12-27,1135.3,1164.3,1132.8,1151.7
2017-01-03,1151.4,1185.9,1146.5,1173.4
2017-01-09,1172.9,1207.2,1172.2,1196.2
2017-01-17,1199.4,1218.9,1195.4,1204.9
2017-01-23,1209.3,1220.1,1179.7,1188.4
2017-01-30,1194.6,1227.5,1190,1220.8
2017-02-06,1221.9,1246.6,1220.8,1235.9
2017-02-13,1234.2,1245.1,1217.5,1239.1
2017-02-21,1236.4,1261.2,1226.8,1258.3
2017-02-27,1258.9,1264.9,1223,1226.5
2017-03-06,1233.9,1237.3,1194.5,1201.4
2017-03-13,1205,1234,1196.8,1230.2
2017-03-20,1229,1253.3,1226.6,1248.5
2017-03-27,1245.5,1261,1241.5,1251.2
2017-04-03,1251.9,1273.3,1245.4,1257.3
2017-04-10,1255.6,1290.7,1248.2,1288.5
2017-04-17,1292.4,1297.4,1275.4,1289.1
2017-04-24,1280,1280,1260.7,1268.3
2017-05-01,1269.6,1272.4,1225.7,1226.9
2017-05-08,1223.1,1236.9,1214.3,1227.7
2017-05-15,1228.3,1265,1226.8,1253.6
2017-05-22,1257.5,1269.3,1247.6,1268.1
2017-05-30,1271.2,1282.2,1261.3,1280.2
2017-06-05,1282.6,1298.8,1266.7,1271.4
2017-06-12,1269.7,1284.2,1252.7,1256.5
2017-06-19,1255.8,1260,1241.7,1256.4
2017-06-26,1258.1,1259,1236.5,1242.3
2017-07-03,1241.7,1242.6,1206.6,1209.7
2017-07-10,1212.1,1232.7,1204,1227.5
2017-07-17,1228.7,1255.9,1227.5,1254.9
2017-07-24,1255.5,1277,1243.2,1275.3
2017-07-31,1276.3,1280.3,1259.8,1264.6
2017-08-07,1264.3,1298.1,1257.1,1294
2017-08-14,1296.4,1306.9,1272.7,1291.6
2017-08-21,1289.1,1301.4,1281.3,1297.9
2017-08-28,1297.6,1334.5,1297,1330.4
2017-09-05,1339.7,1362.4,1331.1,1351.2
2017-09-11,1341.5,1344.6,1319.5,1325.2
2017-09-18,1324,1324,1291.2,1297.5
2017-09-25,1301.5,1317.1,1278.2,1284.8
2017-10-02,1282.2,1285,1262.8,1274.9
2017-10-09,1278.6,1306.4,1277.7,1304.6
2017-10-16,1306,1308.4,1277.6,1280.5
2017-10-23,1281.5,1285.3,1263.8,1271.8
2017-10-30,1274.3,1285.1,1265.9,1269.2
2017-11-06,1270.7,1289.5,1266.4,1274.2
2017-11-13,1275.3,1297.5,1269.7,1296.5
2017-11-20,1294.1,1295.1,1274.1,1287.3
2017-11-27,1288,1300.4,1273.1,1282.3
2017-12-04,1277.6,1280.5,1244.4,1248.4
2017-12-11,1249.2,1264.5,1238.3,1257.5
2017-12-18,1257.8,1280.4,1255.3,1278.8
2017-12-26,1279,1309.8,1277.7,1309.3
2018-01-02,1305.3,1327.3,1304.6,1322.3
2018-01-08,1321.8,1340,1308.9,1334.9
2018-01-16,1337.3,1345,1324.3,1333.1
2018-01-22,1334,1365.4,1328,1352.1
2018-01-29,1349,1354.3,1330.1,1337.3
2018-02-05,1334.6,1349.3,1309,1315.7
2018-02-12,1317.1,1364.4,1316.3,1356.2
2018-02-20,1350.2,1354,1322.9,1330.3
2018-02-26,1330.4,1342.9,1303.6,1323.4
2018-03-05,1324.9,1342,1313.2,1324
2018-03-12,1324.1,1330.5,1309.5,1312.3
2018-03-19,1312.9,1350.4,1306.6,1349.9
2018-03-26,1347,1356.8,1325.4,1327.3
2018-04-02,1330.7,1352.5,1322.6,1336.1
2018-04-09,1338,1369.4,1330.1,1347.9
2018-04-16,1349.8,1359,1337,1338.3
2018-04-23,1336.2,1337.6,1315.8,1323.4
2018-04-30,1324,1325.9,1302.3,1314.7
2018-05-07,1316.3,1326.3,1304.2,1320.7
2018-05-14,1318.3,1322.4,1284,1291.3
2018-05-21,1290.3,1307.2,1281.2,1303.7
2018-05-29,1297.2,1311.5,1291.4,1299.3
2018-06-04,1296.7,1307.8,1293.5,1302.7
2018-06-11,1303.5,1313,1277.9,1278.5
2018-06-18,1281.1,1286.8,1262.4,1270.7
2018-06-25,1272.2,1274.4,1246.9,1254.5
2018-07-02,1253.4,1261,1238.8,1255.8
2018-07-09,1255.7,1266.9,1236.2,1241.2
2018-07-16,1241,1245.8,1210.7,1231.1
2018-07-23,1231.7,1235.3,1216.7,1223
2018-07-30,1231.1,1237.8,1212.5,1223.2
2018-08-06,1222,1226,1213.1,1219
2018-08-13,1218.4,1221.4,1167.1,1184.2
2018-08-20,1190.4,1215.4,1189.5,1213.3
2018-08-27,1214.5,1220.7,1202.1,1206.7
2018-09-04,1207,1212.7,1195.1,1200.4
2018-09-10,1200.7,1218,1192.7,1201.1
2018-09-17,1199.8,1215.8,1196,1201.3
2018-09-24,1204,1208.8,1184.3,1196.2
2018-10-01,1196.1,1212.3,1188.1,1205.6
2018-10-08,1206.7,1230,1186,1222
2018-10-15,1221.2,1236.9,1220.4,1228.7
2018-10-22,1230.5,1246,1222.8,1235.8
2018-10-29,1236.4,1239.3,1213.4,1233.3
2018-11-05,1234.5,1238.4,1207.2,1208.6
2018-11-12,1210.3,1226,1196.6,1223
2018-11-19,1222.6,1230.9,1218.5,1223.2
2018-11-26,1223.9,1234.9,1210.5,1226
2018-12-03,1227.8,1255.8,1226.6,1252.6
2018-12-10,1255.6,1256.6,1236.5,1241.4
2018-12-17,1242.8,1270.3,1239.4,1258.1
2018-12-24,1260.7,1284.7,1260,1283
2018-12-31,1283,1300.4,1278.1,1285.8
2019-01-07,1287,1298,1280.2,1289.5
2019-01-14,1288,1296.6,1280.1,1282.6
2019-01-22,1280.7,1303.4,1275.3,1298.1
2019-01-28,1302.3,1331.1,1296.5,1322.1
2019-02-04,1322.6,1323.6,1306.4,1318.5
2019-02-11,1318.1,1325.8,1304.7,1322.1
2019-02-19,1325,1349.8,1323.3,1332.8
2019-02-25,1331.9,1334.9,1291.3,1299.2
2019-03-04,1294.4,1301.3,1280.8,1299.3
2019-03-11,1298.2,1311.6,1290.6,1302.9
2019-03-18,1302,1320.2,1298,1312.3
2019-03-25,1313.3,1324.5,1291.3,1298.5
2019-04-01,1297.2,1301.7,1284.9,1295.6
2019-04-08,1295.8,1314.7,1292.9,1295.2
2019-04-15,1294,1295.2,1273,1276
2019-04-22,1278,1290.9,1267.9,1288.8
2019-04-29,1289,1289.4,1267.3,1281.3
2019-05-06,1281.8,1292.8,1278.1,1287.4
2019-05-13,1288.3,1304.2,1274.6,1275.7
2019-05-20,1277.6,1287.1,1269,1283.6
2019-05-28,1283.5,1311.9,1275.1,1311.1
2019-06-03,1312.5,1352.7,1310.9,1346.1
2019-06-10,1341.2,1362.2,1323.6,1344.5
2019-06-17,1345.5,1415.4,1336.6,1400.1
2019-06-24,1403.9,1442.9,1401.4,1413.7
2019-07-01,1401.8,1441,1384.7,1400.1
2019-07-08,1401,1429.4,1387.5,1412.2
2019-07-15,1417.7,1454.4,1401.3,1426.7
2019-07-22,1428.5,1434.1,1411.1,1419.3
2019-07-29,1419,1461.9,1412.1,1457.5
2019-08-05,1451.2,1522.7,1448.8,1508.5
2019-08-12,1509.2,1546.1,1488.9,1523.6
2019-08-19,1523,1540.3,1502.1,1537.6
2019-08-26,1545.4,1565,1525.6,1529.4
2019-09-03,1535.2,1566.2,1510.7,1515.5
2019-09-09,1516.4,1532.2,1492.1,1499.5
2019-09-16,1513.1,1524.5,1490.7,1515.1
2019-09-23,1521.5,1543.3,1493.3,1506.4
2019-09-30,1501.7,1525.8,1465,1512.9
2019-10-07,1518.6,1522.3,1478,1488.7
2019-10-14,1492,1503,1480.6,1494.1
2019-10-21,1495.6,1520.9,1484,1505.3
2019-10-28,1507.4,1519,1483.1,1511.4
2019-11-04,1516.4,1517.1,1457,1462.9
2019-11-11,1460,1475.5,1446.2,1468.5
2019-11-18,1467.8,1479.2,1456.6,1463.6
2019-11-25,1461,1472.9,1449.6,1472.7
2019-12-02,1470.3,1489.9,1459.8,1465.1
2019-12-09,1464.1,1491.6,1463,1481.2
2019-12-16,1480,1485.8,1474.3,1480.9
2019-12-23,1482.4,1519.9,1481.2,1518.1
2019-12-30,1515.9,1556.6,1513.5,1552.4
2020-01-06,1562.7,1613.3,1541,1560.1
2020-01-13,1563,1563.1,1536.4,1560.3
2020-01-21,1557.3,1575.5,1546,1571.9
2020-01-27,1580.5,1595.5,1562,1587.9
2020-02-03,1597.8,1598.5,1551.1,1573.4
2020-02-10,1575.8,1588.2,1564.4,1586.4
2020-02-18,1585.1,1652.1,1581.8,1648.8
2020-02-24,1656,1691.7,1564,1566.7
2020-03-02,1592.8,1692.8,1576.3,1672.4
2020-03-09,1692.6,1704.3,1504,1516.7
2020-03-16,1563.8,1574.8,1450.9,1484.6
2020-03-23,1505,1699.3,1484.6,1625
2020-03-30,1663.4,1673.6,1576,1645.7
2020-04-06,1647.7,1754.5,1638.2,1752.8
2020-04-13,1742.3,1788.8,1691.2,1698.8
2020-04-20,1693,1764.2,1666.2,1735.6
2020-04-27,1745,1745.8,1676,1700.9
2020-05-04,1711.2,1735.5,1683,1713.9
2020-05-11,1706,1761.2,1692.1,1756.3
2020-05-18,1757.5,1775.8,1715.3,1735.5
2020-05-26,1734.8,1754.5,1684.2,1751.7
2020-06-01,1749.8,1761,1671.7,1683
2020-06-08,1686.7,1754.9,1680.7,1737.3
2020-06-15,1740.7,1760.9,1706.2,1753
2020-06-22,1765.8,1796.1,1753.5,1780.3
2020-06-29,1789.2,1807.7,1766.3,1790
2020-07-06,1787.9,1829.8,1779.2,1801.9
2020-07-13,1803.4,1819.5,1791.1,1810
2020-07-20,1812.3,1904.6,1806.6,1897.5
2020-07-27,1901.2,2005.4,1899,1985.9
2020-08-03,1997.4,2089.2,1975.2,2028
2020-08-10,2044.8,2060.8,1874.2,1949.8
2020-08-17,1956.4,2024.6,1916.6,1947
2020-08-24,1947.9,1987,1908.4,1974.9
2020-08-31,1973.9,2001.2,1921.6,1934.3
2020-09-08,1938,1975.2,1911.7,1947.9
2020-09-14,1948.9,1983.8,1938.2,1962.1
2020-09-21,1957.3,1962.9,1851,1866.3
2020-09-28,1862.7,1923.6,1851.1,1907.6
2020-10-05,1910.9,1936.8,1877.1,1926.2
2020-10-12,1935,1939.4,1885,1906.4
2020-10-19,1903.2,1936,1894.2,1905.2
2020-10-26,1906,1913.8,1859.2,1879.9
2020-11-02,1877,1961.8,1873.3,1951.7
2020-11-09,1956,1966.1,1848,1886.2
2020-11-16,1886.6,1898,1850,1872.4
2020-11-23,1869.8,1875,1776.5,1788.1
2020-11-30,1790.8,1852.7,1767.2,1840
2020-12-07,1841.1,1879.8,1824.8,1843.6
2020-12-14,1845,1902,1820,1888.9
2020-12-21,1892.9,1912,1859,1883.2
2020-12-28,1887,1904.9,1873,1895.1
2021-01-04,1908.2,1962.5,1827.8,1835.4
2021-01-11,1849.4,1864,1817.1,1829.9
2021-01-19,1828.8,1874.6,1800.8,1856.2
2021-01-25,1855.3,1878.9,1828.4,1850.3
2021-02-01,1865,1876,1784.6,1813
2021-02-08,1818.1,1856.6,1807.3,1823.2
2021-02-16,1826,1827.1,1759,1777.4
2021-02-22,1782,1815.2,1714.9,1728.8
2021-03-01,1732.8,1757.4,1683,1698.5
2021-03-08,1701.6,1738,1673.3,1719.8
2021-03-15,1726.5,1754.2,1716.6,1741.7
2021-03-22,1745.6,1747,1718.8,1732.3
2021-03-29,1731.5,1732.6,1677.3,1728.4
2021-04-05,1730,1759.4,1721.6,1744.8
2021-04-12,1744.5,1784.7,1723.2,1780.2
2021-04-19,1778.8,1798.4,1763.5,1777.8
2021-04-26,1776.1,1789.9,1754.6,1767.7
2021-05-03,1768.1,1844.6,1765.6,1831.3
2021-05-10,1835.4,1847.1,1808.4,1838.1
2021-05-17,1845.9,1891.3,1841.1,1876.7
2021-05-24,1883.5,1913.3,1873.2,1905.3
2021-06-01,1906.8,1919.2,1855.6,1892
2021-06-07,1894.3,1906.9,1871.8,1879.6
2021-06-14,1879.6,1879.7,1761.2,1769
2021-06-21,1764.3,1795.6,1764.1,1777.8
2021-06-28,1782,1795.9,1750.1,1783.3
2021-07-06,1787.5,1819.5,1784.7,1810.6
2021-07-12,1808.5,1835,1791,1815
2021-07-19,1811.6,1825.9,1789.1,1801.8
2021-07-26,1802.3,1837.5,1790.7,1817.2
2021-08-02,1817,1835.9,1759.5,1763.1
2021-08-09,1765,1781.9,1677.9,1778.2
2021-08-16,1780.7,1797.6,1772,1784
2021-08-23,1781.2,1821.9,1778,1819.5
2021-08-30,1821.6,1836.9,1803.4,1833.7
2021-09-07,1833.5,1833.5,1783.1,1792.1
2021-09-13,1789.8,1810.6,1745.5,1751.4
2021-09-20,1754.2,1788.4,1737.5,1751.7
2021-09-27,1751.8,1765.2,1721.1,1758.4
2021-10-04,1762.6,1782.4,1745.4,1757.4
2021-10-11,1757.4,1801.9,1749.9,1768.3
2021-10-18,1767.5,1815.5,1760.3,1796.3
2021-10-25,1794.2,1812.7,1772.4,1783.9
2021-11-01,1785.3,1820.1,1758.5,1816.8
2021-11-08,1820.6,1871.4,1813.8,1868.5
2021-11-15,1872.6,1879.5,1844.2,1851.6
2021-11-22,1848.3,1850.4,1777.4,1785.5
2021-11-29,1795.2,1811.4,1762.2,1783.9
2021-12-06,1787.7,1794.3,1770.4,1784.8
2021-12-13,1784.2,1815.7,1753,1804.9
2021-12-20,1800.2,1812,1785,1811.7
2021-12-27,1810.2,1831.4,1789.1,1828.6
2022-01-03,1830.1,1833,1781.3,1797.4
2022-01-10,1796.4,1829.3,1789.3,1816.5
2022-01-18,1818.7,1848.5,1804.7,1831.8
2022-01-24,1835.2,1854.2,1780.6,1786.6
2022-01-31,1792.8,1815.8,1785.8,1807.8
2022-02-07,1808,1867.4,1807.5,1842.1
2022-02-14,1862.2,1905,1845.4,1899.8
2022-02-22,1903.5,1976.5,1878.6,1887.6
2022-02-28,1921,1974.9,1892.2,1966.6
2022-03-07,1978.5,2078.8,1960.6,1985
2022-03-14,1988.7,1994.8,1895.2,1929.3
2022-03-21,1922.4,1967.2,1909.8,1954.2
2022-03-28,1958.7,1959.8,1888.3,1923.7
2022-04-04,1927.1,1952.2,1916.2,1945.6
2022-04-11,1949.6,1985.8,1942.9,1974.9
2022-04-18,1978.5,2003,1928,1934.3
2022-04-25,1931.9,1935.5,1870.9,1911.7
2022-05-02,1896.2,1910.7,1849.7,1882.8
2022-05-09,1883.7,1885.6,1797.2,1808.2
2022-05-16,1809.4,1848.2,1785,1842.1
2022-05-23,1844.4,1869.1,1836.3,1857.3
2022-05-31,1856.5,1878.6,1830.2,1850.2
2022-06-06,1853.7,1879.6,1826.5,1875.5
2022-06-13,1879,1882.5,1806.1,1840.6
2022-06-21,1840.6,1850.3,1817.7,1830.3
2022-06-27,1839.6,1842.8,1783.4,1801.5
2022-07-05,1814.4,1815.2,1726,1742.3
2022-07-11,1741.5,1744.3,1695,1703.6
2022-07-18,1706.4,1738.3,1678.4,1727.4
2022-07-25,1726.3,1784.6,1709.1,1781.8
2022-08-01,1782.5,1812,1770,1791.2
2022-08-08,1790.3,1824.6,1786.9,1815.5
2022-08-15,1818.9,1818.9,1759.1,1762.9
2022-08-22,1760.6,1778.8,1740.2,1749.8
2022-08-29,1748.4,1757.9,1699.1,1722.6
2022-09-06,1724.2,1740.5,1701.7,1728.6
2022-09-12,1728.4,1746.4,1661.9,1683.5
2022-09-19,1685.4,1696.9,1646.6,1655.6
2022-09-26,1651,1684.4,1622.2,1672
2022-10-03,1670.5,1738.7,1666.5,1709.3
2022-10-10,1703.4,1707.4,1645.6,1648.9
2022-10-17,1649.9,1674.3,1621.1,1656.3
2022-10-24,1662.9,1679.4,1640.7,1644.8
2022-10-31,1647.2,1686.4,1618.3,1676.6
2022-11-07,1678.6,1775.6,1667.1,1769.4
2022-11-14,1769.4,1791.8,1749.2,1754.4
2022-11-21,1752,1761.2,1719,1754
2022-11-28,1755,1818.7,1738.2,1809.6
2022-12-05,1810.5,1822.9,1778.1,1810.7
2022-12-12,1808,1836.9,1782,1800.2
2022-12-19,1801.6,1833.8,1792.7,1804.2
2022-12-27,1808.2,1841.9,1804.2,1826.2
2023-01-03,1831.8,1875.2,1829.9,1869.7
2023-01-09,1872.8,1925.3,1869.3,1921.7
2023-01-17,1923.8,1939,1898.6,1928.2
2023-01-23,1928.4,1949.8,1912.5,1929.4
2023-01-30,1944,1975.2,1874.5,1876.6
2023-02-06,1878,1902.3,1863.5,1874.5
2023-02-13,1876.7,1881.6,1827.7,1850.2
2023-02-21,1850.5,1856.4,1815.5,1817.1
2023-02-27,1818,1864.4,1810.8,1854.6
2023-03-06,1861,1874.3,1813.4,1867.2
2023-03-13,1877.1,1993.7,1875.7,1973.5
2023-03-20,1989.7,2014.9,1936.5,1983.8
2023-03-27,1982.6,2005.5,1945,1986.2
2023-04-03,1990,2049.2,1965.9,2026.4
2023-04-10,2008.6,2063.4,1996.5,2015.8
2023-04-17,2014.1,2028,1980.9,1990.5
2023-04-24,1992,2020.2,1982,1999.1
2023-05-01,2000.2,2085.4,1985.7,2024.8
2023-05-08,2024.6,2056,2005.7,2019.8
2023-05-15,2013.4,2027.5,1954.4,1981.6
2023-05-22,1979.4,1987.9,1936,1944.3
2023-05-30,1961.3,2000.7,1949.6,1969.6
2023-06-05,1962.3,1987.8,1953.8,1977.2
2023-06-12,1975.6,1985.9,1936.1,1971.2
2023-06-20,1970.7,1971.8,1919.5,1929.6
2023-06-26,1936.3,1943.4,1900.6,1929.4
2023-07-03,1927.8,1942.9,1908.5,1932.5
2023-07-10,1930.7,1968.5,1918,1964.4
2023-07-17,1958.6,1989.8,1949,1966.6
2023-07-24,1963.6,2002,1941.7,1999.9
2023-07-31,1997.9,2010.9,1954.5,1976.1
2023-08-07,1977.6,1981.7,1942.7,1946.6
2023-08-14,1945.6,1948.2,1914.2,1916.5
2023-08-21,1918.4,1951.3,1913.6,1939.9
2023-08-28,1944,1980.2,1940.1,1967.1
2023-09-05,1966.7,1972.6,1940,1942.7
2023-09-11,1943.3,1954.6,1921.7,1946.2
2023-09-18,1945.7,1968.9,1933.1,1945.6
2023-09-25,1944.7,1946.8,1862.3,1866.1
2023-10-02,1864.4,1864.7,1823.5,1845.2
2023-10-09,1861,1946.2,1857.5,1941.5
2023-10-16,1941.3,2009.2,1921.2,1994.4
2023-10-23,1987.7,2019.7,1964.6,1998.5
2023-10-30,2013.5,2017.7,1978.2,1999.2
2023-11-06,1999.4,2000.1,1936.9,1937.7
2023-11-13,1943.4,1996.4,1935.6,1984.7
2023-11-20,1980.9,2009.8,1967.2,2003
2023-11-27,2002.5,2095.7,2001.4,2089.7
2023-12-04,2094.4,2152.3,2010.6,2014.5
2023-12-11,2020,2062.9,1987.9,2035.7
2023-12-18,2033.3,2083,2029.5,2069.1
2023-12-26,2066,2098.2,2065.1,2071.8
2024-01-02,2072.7,2088.1,2030.8,2049.8
2024-01-08,2052.6,2067.3,2017.3,2051.6
2024-01-16,2053.4,2062.8,2004.6,2029.3
2024-01-22,2031.8,2039.3,2004,2017.3
2024-01-29,2024.4,2083.2,2018.8,2053.7
2024-02-05,2057.9,2061.3,2030.8,2038.7
2024-02-12,2038.2,2047.3,1996.4,2024.1
2024-02-20,2027.7,2053.2,2023.9,2049.4
2024-02-26,2044.2,2097.1,2033.4,2095.7
2024-03-04,2091.6,2203,2088.1,2185.5
2024-03-11,2187.6,2195.5,2156.2,2161.5
2024-03-18,2159.9,2225.3,2149.2,2160
2024-03-25,2166.6,2256.9,2164.4,2238.4
2024-04-01,2259.2,2350,2249.1,2345.4
2024-04-08,2343.6,2448.8,2321.7,2374.1
2024-04-15,2369.4,2433.3,2340.2,2413.8
2024-04-22,2403.7,2404.3,2304.6,2347.2
2024-04-29,2347.6,2358.9,2285.2,2308.6
2024-05-06,2312.8,2385.3,2300.6,2375
2024-05-13,2369.1,2427.4,2337.6,2417.4
2024-05-20,2422.2,2454.2,2326.3,2334.5
2024-05-28,2338,2381.2,2333.8,2345.8
2024-06-03,2348,2406.7,2304.2,2325
2024-06-10,2311,2358.8,2304.5,2349.1
2024-06-17,2348.5,2382.6,2320.2,2331.2
2024-06-24,2333.5,2350.6,2304.7,2339.6
2024-07-01,2336.2,2401.5,2327.4,2397.7
2024-07-08,2396.2,2430.4,2356,2420.7
2024-07-15,2419.3,2488.4,2395.7,2399.1
2024-07-22,2403.7,2433,2351.9,2381
2024-07-29,2386.9,2522.5,2367.3,2469.8
2024-08-05,2490.3,2500.8,2403.8,2473.4
2024-08-12,2470.1,2548.3,2462.7,2537.8
2024-08-19,2549.7,2570.4,2506.4,2546.3
2024-08-26,2545.1,2564.3,2526.6,2527.6
2024-09-03,2536,2559.8,2502.7,2524.6
2024-09-09,2526.5,2614.6,2514.2,2610.7
2024-09-16,2608,2651,2572.5,2646.2
2024-09-23,2646.2,2708.7,2638.6,2668.1
2024-09-30,2680.5,2694.7,2646.2,2667.8
2024-10-07,2671.7,2679.2,2618.8,2676.3
2024-10-14,2673.1,2737.8,2654.4,2730
2024-10-21,2736.3,2772.6,2722.1,2754.6
2024-10-28,2749.2,2801.8,2736.9,2749.2
2024-11-04,2743.5,2759.5,2650.3,2694.8
2024-11-11,2692.1,2693.4,2541.5,2570.1
2024-11-18,2571.5,2718.5,2568.5,2712.2
2024-11-25,2716.9,2723.2,2605.3,2681
2024-12-02,2673.8,2682,2635.6,2659.6
2024-12-09,2665,2761.3,2649.7,2675.8
2024-12-16,2668,2683.4,2596.7,2645.1
2024-12-23,2639.1,2655.7,2623.2,2631.9
2024-12-30,2636.1,2681,2608.4,2654.7
2025-01-06,2652.8,2735,2624.6,2715
2025-01-13,2716.8,2759.2,2672,2748.7
2025-01-21,2739.6,2794.8,2715.6,2778.9
2025-01-27,2778.1,2862.9,2732,2835
2025-02-03,2846.5,2910.6,2802.2,2887.6
2025-02-10,2884.8,2968.5,2879.9,2900.7
2025-02-18,2895.1,2973.4,2887.6,2953.2
2025-02-24,2950.4,2974,2844.1,2848.5
2025-03-03,2872,2941.3,2866.3,2914.1
2025-03-10,2919.6,3017.1,2882.5,3001.1
2025-03-17,2994.8,3065.2,2991.4,3021.4
2025-03-24,3027.6,3124.4,3007.7,3114.3
2025-03-31,3118.8,3201.6,3032.7,3035.4
2025-04-07,3055.1,3263,2970.4,3244.6
2025-04-14,3246,3371.9,3208.7,3328.4
2025-04-21,3347,3509.9,3270.8,3298.4
2025-04-28,3336.5,3363.8,3209.4,3243.3
2025-05-05,3247.1,3448.2,3243.1,3344
2025-05-12,3281,3295.5,3123.3,3187.2
2025-05-19,3220,3366.5,3207.4,3365.8
2025-05-27,3355.6,3356.3,3269.1,3315.4
2025-06-02,3323,3427.7,3319.4,3346.6
2025-06-09,3333.4,3468,3313.1,3452.8
2025-06-16,3473,3476.3,3356.2,3385.7
2025-06-23,3400.7,3413.8,3266.5,3287.6
2025-06-30,3284.3,3376.9,3250.5,3342.9
2025-07-07,3344.5,3381.6,3290.2,3364
2025-07-14,3376.5,3389.3,3314.3,3358.3
2025-07-21,3355.6,3451.7,3325.5,3335.6
2025-07-28,3321.1,3416.9,3300,3399.8
2025-08-04,3416.6,3534.1,3397.9,3491.3
2025-08-11,3458.1,3466.3,3375.5,3382.6
2025-08-18,3382.4,3423.4,3353.4,3418.5
2025-08-25,3417.6,3518.5,3396.1,3516.1
2025-09-02,3517.9,3655.5,3506,3653.3
2025-09-08,3635,3715.2,3621.7,3686.4
2025-09-15,3680.2,3744,3660.5,3705.8
2025-09-22,3721.3,3824.6,3718.1,3809
2025-09-29,3788.8,3899.2,3785.5,3873.2